,sLapDistance,xCarX,xCarY,vCar
00:00.0,2.49,-248.51,-248.08,257.79
00:00.1,6.07,-249.18,-244.56,258.58
00:00.1,9.67,-249.83,-241.02,259.37
00:00.2,13.28,-250.46,-237.47,260.15
00:00.2,16.89,-251.07,-233.9,260.92
00:00.3,20.52,-251.67,-230.32,261.68
00:00.3,24.16,-252.26,-226.73,262.44
00:00.4,27.81,-252.82,-223.12,263.18
00:00.4,31.47,-253.37,-219.5,263.92
00:00.5,35.14,-253.89,-215.87,264.64
00:00.5,38.82,-254.38,-212.22,265.35
00:00.6,42.51,-254.85,-208.56,266.05
00:00.6,46.21,-255.29,-204.89,266.74
00:00.7,49.92,-255.69,-201.2,267.4
00:00.7,53.64,-256.06,-197.5,268.07
00:00.8,57.37,-256.4,-193.79,268.73
00:00.8,61.11,-256.7,-190.06,269.35
00:00.9,64.85,-256.96,-186.33,269.96
00:00.9,68.6,-257.19,-182.58,270.03
00:01.0,72.34,-257.38,-178.85,268.26
00:01.0,76.04,-257.54,-175.15,265.14
00:01.1,79.7,-257.65,-171.49,261.53
00:01.1,83.31,-257.71,-167.88,257.99
00:01.2,86.86,-257.74,-164.33,254.23
00:01.2,90.37,-257.73,-160.82,250.59
00:01.3,93.82,-257.69,-157.37,247.02
00:01.3,97.23,-257.62,-153.96,243.45
00:01.4,100.58,-257.51,-150.6,239.88
00:01.4,103.89,-257.37,-147.3,236.3
00:01.5,107.15,-257.2,-144.05,232.72
00:01.5,110.35,-256.99,-140.85,229.07
00:01.6,113.51,-256.75,-137.7,225.33
00:01.6,116.61,-256.48,-134.61,221.52
00:01.7,119.66,-256.17,-131.58,217.69
00:01.7,122.66,-255.83,-128.6,213.84
00:01.8,125.61,-255.48,-125.68,210.05
00:01.8,128.5,-255.11,-122.81,206.21
00:01.9,131.34,-254.73,-120,202.28
00:01.9,134.12,-254.33,-117.24,198.46
00:02.0,136.85,-253.93,-114.55,194.69
00:02.0,139.53,-253.52,-111.9,191
00:02.0,142.16,-253.11,-109.31,187.35
00:02.1,144.73,-252.69,-106.77,183.66
00:02.2,147.26,-252.27,-104.28,180.09
00:02.2,149.74,-251.84,-101.84,176.62
00:02.3,152.17,-251.41,-99.45,173.22
00:02.3,154.55,-250.98,-97.11,169.79
00:02.4,156.88,-250.53,-94.82,166.13
00:02.4,159.16,-250.09,-92.58,162.45
00:02.5,161.4,-249.64,-90.4,158.91
00:02.5,163.58,-249.21,-88.26,155.51
00:02.6,165.72,-248.78,-86.17,152.14
00:02.6,167.81,-248.35,-84.12,148.69
00:02.7,169.85,-247.94,-82.13,145.28
00:02.7,171.84,-247.53,-80.18,141.87
00:02.8,173.79,-247.12,-78.27,138.68
00:02.8,175.69,-246.72,-76.41,135.43
00:02.9,177.55,-246.32,-74.6,132.2
00:02.9,179.37,-245.91,-72.83,128.93
00:03.0,181.14,-245.51,-71.11,125.81
00:03.0,182.86,-245.1,-69.44,122.97
00:03.1,184.56,-244.69,-67.8,120.25
00:03.1,186.21,-244.27,-66.2,117.86
00:03.2,187.83,-243.85,-64.64,115.75
00:03.2,189.42,-243.43,-63.1,113.75
00:03.3,190.99,-243.01,-61.59,111.98
00:03.3,192.53,-242.57,-60.11,110.24
00:03.4,194.05,-242.13,-58.66,108.07
00:03.4,195.53,-241.67,-57.25,105.74
00:03.5,196.98,-241.18,-55.89,103.53
00:03.5,198.4,-240.67,-54.56,101.55
00:03.6,199.8,-240.13,-53.27,99.87
00:03.6,201.18,-239.58,-52.01,98.38
00:03.7,202.53,-239.02,-50.77,97.08
00:03.7,203.87,-238.43,-49.57,95.95
00:03.8,205.2,-237.82,-48.4,94.95
00:03.8,206.51,-237.18,-47.25,94.06
00:03.9,207.81,-236.51,-46.13,93.35
00:03.9,209.1,-235.82,-45.04,92.82
00:04.0,210.39,-235.1,-43.97,92.3
00:04.0,211.67,-234.36,-42.93,91.95
00:04.0,212.94,-233.59,-41.92,91.96
00:04.1,214.22,-232.78,-40.93,92.18
00:04.2,215.51,-231.94,-39.95,92.73
00:04.2,216.8,-231.08,-38.99,93.31
00:04.3,218.1,-230.19,-38.05,93.85
00:04.3,219.4,-229.26,-37.13,94.62
00:04.4,220.72,-228.3,-36.22,95.41
00:04.4,222.05,-227.32,-35.32,95.92
00:04.5,223.38,-226.32,-34.44,96.54
00:04.5,224.73,-225.29,-33.58,97.37
00:04.6,226.08,-224.21,-32.74,98.24
00:04.6,227.46,-223.1,-31.95,99.43
00:04.7,228.84,-221.94,-31.18,100.73
00:04.7,230.25,-220.75,-30.43,102.24
00:04.8,231.68,-219.52,-29.69,103.84
00:04.8,233.14,-218.26,-28.97,105.6
00:04.9,234.62,-216.95,-28.28,107.44
00:04.9,236.13,-215.6,-27.61,109.3
00:05.0,237.66,-214.21,-26.97,111.34
00:05.0,239.22,-212.78,-26.35,113.41
00:05.1,240.81,-211.32,-25.74,115.51
00:05.1,242.43,-209.81,-25.15,117.61
00:05.2,244.08,-208.27,-24.57,119.71
00:05.2,245.76,-206.69,-24.01,121.91
00:05.2,247.46,-205.07,-23.47,124.05
00:05.3,249.2,-203.42,-22.94,126.17
00:05.3,250.97,-201.73,-22.43,128.27
00:05.4,252.77,-200,-21.95,130.4
00:05.5,254.59,-198.24,-21.49,132.58
00:05.5,256.45,-196.44,-21.04,134.73
00:05.6,258.34,-194.62,-20.59,136.84
00:05.6,260.25,-192.76,-20.15,138.89
00:05.7,262.2,-190.87,-19.72,140.91
00:05.7,264.17,-188.95,-19.29,142.92
00:05.8,266.17,-187,-18.87,144.94
00:05.8,268.19,-185.02,-18.45,146.91
00:05.8,270.25,-183.02,-18.05,148.86
00:05.9,272.33,-180.98,-17.65,150.77
00:05.9,274.43,-178.92,-17.26,152.62
00:06.0,276.57,-176.83,-16.87,154.46
00:06.0,278.72,-174.71,-16.47,156.33
00:06.1,280.91,-172.57,-16.07,158.15
00:06.2,283.12,-170.41,-15.67,159.9
00:06.2,285.35,-168.22,-15.26,161.57
00:06.2,287.6,-166.01,-14.86,163.09
00:06.3,289.88,-163.78,-14.45,164.6
00:06.4,292.18,-161.52,-14.03,166.53
00:06.4,294.51,-159.24,-13.61,168.24
00:06.4,296.85,-156.94,-13.18,169.87
00:06.5,299.22,-154.62,-12.74,171.43
00:06.6,301.61,-152.27,-12.3,172.94
00:06.6,304.03,-149.91,-11.84,174.5
00:06.7,306.46,-147.53,-11.37,176.11
00:06.7,308.92,-145.13,-10.88,177.63
00:06.8,311.4,-142.71,-10.37,179.11
00:06.8,313.9,-140.28,-9.86,180.56
00:06.8,316.41,-137.83,-9.33,181.93
00:06.9,318.95,-135.36,-8.8,183.38
00:07.0,321.51,-132.87,-8.25,184.85
00:07.0,324.09,-130.36,-7.69,186.23
00:07.0,326.68,-127.84,-7.12,187.59
00:07.1,329.29,-125.3,-6.54,188.94
00:07.1,331.93,-122.74,-5.95,190.28
00:07.2,334.58,-120.17,-5.36,191.61
00:07.3,337.25,-117.58,-4.75,192.93
00:07.3,339.94,-114.97,-4.13,194.24
00:07.3,342.65,-112.35,-3.49,195.52
00:07.4,345.37,-109.72,-2.85,196.79
00:07.5,348.11,-107.06,-2.2,198.05
00:07.5,350.87,-104.4,-1.53,199.3
00:07.5,353.65,-101.71,-0.86,200.53
00:07.6,356.44,-99.01,-0.18,201.74
00:07.6,359.25,-96.3,0.51,202.94
00:07.7,362.08,-93.57,1.21,204.11
00:07.8,364.92,-90.83,1.91,205.29
00:07.8,367.78,-88.07,2.62,206.46
00:07.8,370.66,-85.3,3.34,207.6
00:07.9,373.55,-82.51,4.06,208.74
00:08.0,376.45,-79.71,4.79,209.84
00:08.0,379.38,-76.89,5.53,210.93
00:08.1,382.31,-74.06,6.28,212.06
00:08.1,385.27,-71.22,7.03,213.15
00:08.1,388.23,-68.37,7.8,214.21
00:08.2,391.22,-65.5,8.57,215.28
00:08.3,394.21,-62.62,9.35,216.33
00:08.3,397.23,-59.72,10.13,217.37
00:08.3,400.25,-56.81,10.92,218.41
00:08.4,403.29,-53.89,11.71,219.43
00:08.4,406.35,-50.95,12.5,220.44
00:08.5,409.42,-48,13.29,221.44
00:08.6,412.5,-45.04,14.09,222.43
00:08.6,415.6,-42.06,14.89,223.4
00:08.7,418.71,-39.07,15.7,224.37
00:08.7,421.83,-36.07,16.51,225.32
00:08.8,424.96,-33.06,17.32,226.25
00:08.8,428.11,-30.03,18.13,227.18
00:08.8,431.27,-26.99,18.94,228.09
00:08.9,434.45,-23.93,19.75,229.01
00:08.9,437.63,-20.87,20.56,229.94
00:09.0,440.84,-17.78,21.37,230.85
00:09.0,444.05,-14.69,22.19,231.75
00:09.1,447.27,-11.59,23,232.64
00:09.2,450.51,-8.47,23.83,233.5
00:09.2,453.76,-5.34,24.66,234.38
00:09.3,457.02,-2.21,25.5,235.24
00:09.3,460.29,0.94,26.36,236.09
00:09.3,463.58,4.09,27.24,236.93
00:09.4,466.87,7.25,28.13,237.75
00:09.5,470.18,10.41,29.05,238.56
00:09.5,473.5,13.58,29.99,239.35
00:09.6,476.83,16.75,30.96,240.15
00:09.6,480.17,19.93,31.95,240.93
00:09.7,483.52,23.1,32.97,241.71
00:09.7,486.89,26.28,34.02,242.48
00:09.8,490.26,29.46,35.09,243.21
00:09.8,493.64,32.65,36.19,243.92
00:09.8,497.03,35.83,37.32,244.6
00:09.9,500.43,39.02,38.47,245.3
00:10.0,503.84,42.2,39.66,245.99
00:10.0,507.26,45.38,40.9,246.67
00:10.1,510.69,48.55,42.18,247.35
00:10.1,514.13,51.72,43.5,248.04
00:10.2,517.58,54.87,44.86,248.74
00:10.2,521.04,58.03,46.24,249.42
00:10.2,524.51,61.19,47.65,250.13
00:10.3,527.99,64.34,49.09,250.89
00:10.4,531.48,67.5,50.55,251.62
00:10.4,534.98,70.66,52.03,252.33
00:10.5,538.49,73.82,53.52,253.06
00:10.5,542.01,77,55.02,253.76
00:10.6,545.54,80.18,56.51,254.46
00:10.6,549.07,83.39,57.99,255.13
00:10.7,552.62,86.6,59.47,255.78
00:10.7,556.18,89.84,60.92,256.42
00:10.7,559.74,93.1,62.34,256.98
00:10.8,563.31,96.39,63.71,257.55
00:10.9,566.89,99.7,65.05,258.07
00:10.9,570.48,103.04,66.34,258.59
00:11.0,574.08,106.4,67.58,259.13
00:11.0,577.68,109.79,68.78,259.71
00:11.1,581.29,113.2,69.93,260.26
00:11.1,584.9,116.62,71.06,260.1
00:11.2,588.5,120.04,72.16,257.76
00:11.2,592.06,123.43,73.21,254.65
00:11.3,595.57,126.79,74.22,251.29
00:11.3,599.04,130.11,75.2,247.97
00:11.4,602.46,133.39,76.15,244.71
00:11.4,605.83,136.62,77.07,241.62
00:11.5,609.17,139.83,77.98,238.93
00:11.5,612.47,143,78.88,236.35
00:11.6,615.73,146.13,79.75,232.85
00:11.6,618.93,149.22,80.6,228.88
00:11.6,622.09,152.26,81.41,225.49
00:11.7,625.2,155.27,82.2,222.48
00:11.7,628.27,158.23,82.98,219.84
00:11.8,631.31,161.17,83.74,217.84
00:11.8,634.32,164.08,84.51,216.17
00:11.9,637.3,166.97,85.26,213.96
00:11.9,640.26,169.83,86.02,211.54
00:12.0,643.17,172.65,86.76,207.84
00:12.0,646.03,175.41,87.5,204.5
00:12.1,648.85,178.13,88.24,201.6
00:12.2,651.63,180.81,88.98,198.82
00:12.2,654.37,183.45,89.73,196.12
00:12.3,657.08,186.05,90.48,193.51
00:12.3,659.75,188.61,91.22,191.16
00:12.4,662.39,191.15,91.97,189.22
00:12.4,665,193.66,92.71,187.95
00:12.4,667.6,196.15,93.45,186.7
00:12.5,670.18,198.62,94.19,184.9
00:12.6,672.73,201.06,94.94,181.62
00:12.6,675.23,203.44,95.71,178.37
00:12.7,677.69,205.76,96.52,175.66
00:12.7,680.11,208.03,97.36,173.23
00:12.8,682.5,210.25,98.23,170.88
00:12.8,684.85,212.44,99.12,168.55
00:12.9,687.18,214.57,100.03,166.22
00:12.9,689.47,216.67,100.96,163.93
00:12.9,691.74,218.72,101.91,161.65
00:13.0,693.96,220.73,102.88,159.41
00:13.1,696.17,222.7,103.86,157.27
00:13.1,698.34,224.63,104.85,155.33
00:13.1,700.48,226.52,105.86,153.46
00:13.2,702.6,228.38,106.87,151.58
00:13.2,704.69,230.2,107.9,149.58
00:13.3,706.75,231.98,108.94,147.52
00:13.3,708.79,233.72,110,145.4
00:13.4,710.79,235.42,111.07,143.24
00:13.4,712.76,237.06,112.16,141.04
00:13.5,714.71,238.66,113.27,138.91
00:13.6,716.62,240.21,114.39,136.88
00:13.6,718.51,241.71,115.53,134.94
00:13.6,720.37,243.17,116.69,133.04
00:13.7,722.2,244.59,117.85,131.21
00:13.8,724.01,245.96,119.03,129.41
00:13.8,725.8,247.3,120.22,127.59
00:13.9,727.55,248.59,121.41,125.77
00:13.9,729.29,249.83,122.62,124.05
00:14.0,731,251.03,123.85,122.5
00:14.0,732.69,252.18,125.09,121.19
00:14.1,734.37,253.29,126.34,120.08
00:14.1,736.03,254.35,127.62,119.19
00:14.2,737.68,255.39,128.9,118.38
00:14.2,739.31,256.38,130.21,117.64
00:14.3,740.94,257.33,131.53,116.95
00:14.3,742.56,258.24,132.87,116.28
00:14.3,744.17,259.11,134.22,115.62
00:14.4,745.77,259.94,135.59,115.07
00:14.5,747.36,260.73,136.98,114.61
00:14.5,748.95,261.48,138.38,114.16
00:14.6,750.53,262.19,139.79,113.7
00:14.6,752.11,262.86,141.22,113.26
00:14.6,753.68,263.5,142.65,112.82
00:14.7,755.24,264.08,144.1,112.4
00:14.7,756.8,264.63,145.56,112
00:14.8,758.35,265.13,147.03,111.67
00:14.8,759.9,265.59,148.51,111.38
00:14.9,761.45,266.01,150,111.16
00:14.9,762.99,266.38,151.5,110.97
00:15.0,764.53,266.71,153,110.83
00:15.0,766.07,267,154.51,110.71
00:15.1,767.6,267.25,156.03,110.61
00:15.1,769.14,267.46,157.55,110.54
00:15.2,770.67,267.63,159.07,110.48
00:15.2,772.21,267.75,160.6,110.56
00:15.3,773.75,267.83,162.14,110.72
00:15.3,775.29,267.87,163.67,111.07
00:15.4,776.83,267.87,165.22,111.58
00:15.4,778.39,267.84,166.77,112.22
00:15.5,779.95,267.77,168.33,112.91
00:15.6,781.52,267.66,169.9,113.63
00:15.6,783.1,267.52,171.48,114.38
00:15.7,784.7,267.33,173.06,115.15
00:15.7,786.3,267.11,174.65,115.96
00:15.8,787.92,266.84,176.24,116.83
00:15.8,789.55,266.53,177.84,117.72
00:15.9,791.19,266.18,179.44,118.65
00:15.9,792.84,265.79,181.05,119.59
00:16.0,794.51,265.36,182.66,120.53
00:16.0,796.19,264.88,184.27,121.46
00:16.1,797.88,264.37,185.89,122.4
00:16.1,799.59,263.83,187.5,123.31
00:16.1,801.31,263.25,189.12,124.22
00:16.2,803.04,262.63,190.74,125.1
00:16.3,804.78,261.97,192.35,126
00:16.3,806.54,261.27,193.96,126.96
00:16.3,808.31,260.53,195.57,127.99
00:16.4,810.09,259.76,197.17,129.03
00:16.5,811.89,258.95,198.78,130.06
00:16.5,813.7,258.12,200.39,131.08
00:16.6,815.53,257.24,202,132
00:16.6,817.37,256.34,203.59,132.64
00:16.6,819.21,255.4,205.18,133.01
00:16.7,821.06,254.43,206.75,133.37
00:16.7,822.91,253.42,208.32,133.76
00:16.8,824.77,252.39,209.86,134.11
00:16.9,826.63,251.31,211.38,134.46
00:16.9,828.5,250.2,212.89,134.92
00:16.9,830.38,249.04,214.37,135.46
00:17.0,832.26,247.86,215.84,136.03
00:17.0,834.16,246.66,217.3,136.74
00:17.1,836.06,245.41,218.74,137.48
00:17.1,837.97,244.13,220.15,138.22
00:17.2,839.9,242.8,221.55,138.87
00:17.3,841.82,241.45,222.92,138.19
00:17.3,843.73,240.1,224.27,136.52
00:17.4,845.61,238.75,225.59,134.44
00:17.4,847.46,237.43,226.88,132.16
00:17.5,849.28,236.13,228.16,129.69
00:17.5,851.06,234.87,229.42,127.21
00:17.6,852.82,233.66,230.68,125.09
00:17.6,854.54,232.48,231.94,123.28
00:17.6,856.24,231.34,233.2,121.79
00:17.7,857.93,230.22,234.47,120.68
00:17.7,859.59,229.14,235.73,119.76
00:17.8,861.25,228.09,237.01,118.9
00:17.8,862.9,227.06,238.3,118.16
00:17.9,864.53,226.08,239.61,117.57
00:17.9,866.16,225.13,240.94,117.07
00:18.0,867.78,224.22,242.28,116.54
00:18.0,869.39,223.35,243.64,115.97
00:18.1,871,222.52,245.01,115.37
00:18.1,872.59,221.74,246.41,114.77
00:18.2,874.18,221,247.81,114.19
00:18.3,875.76,220.3,249.23,113.6
00:18.3,877.33,219.65,250.67,112.98
00:18.4,878.9,219.05,252.11,112.36
00:18.4,880.46,218.49,253.56,111.78
00:18.4,882,217.98,255.03,111.23
00:18.5,883.54,217.51,256.49,110.68
00:18.6,885.08,217.09,257.97,110.1
00:18.6,886.6,216.72,259.45,109.48
00:18.6,888.12,216.39,260.93,108.84
00:18.7,889.63,216.12,262.41,108.34
00:18.7,891.13,215.9,263.89,108.28
00:18.8,892.64,215.72,265.39,108.47
00:18.8,894.15,215.59,266.89,108.78
00:18.9,895.66,215.5,268.4,109.06
00:19.0,897.18,215.46,269.91,109.36
00:19.0,898.7,215.45,271.43,109.67
00:19.1,900.22,215.48,272.96,109.98
00:19.1,901.75,215.55,274.49,110.33
00:19.1,903.29,215.65,276.02,110.75
00:19.2,904.83,215.78,277.55,111.33
00:19.3,906.38,215.94,279.09,112.03
00:19.3,907.94,216.14,280.64,112.84
00:19.4,909.51,216.38,282.2,113.77
00:19.4,911.1,216.67,283.76,114.74
00:19.5,912.69,216.99,285.33,115.75
00:19.5,914.31,217.34,286.9,116.82
00:19.6,915.93,217.72,288.49,118.11
00:19.6,917.58,218.13,290.09,119.56
00:19.6,919.25,218.57,291.7,120.98
00:19.7,920.94,219.05,293.32,122.37
00:19.7,922.65,219.56,294.95,123.76
00:19.8,924.38,220.11,296.59,125.1
00:19.8,926.12,220.68,298.24,126.4
00:19.9,927.88,221.28,299.89,127.68
00:20.0,929.66,221.89,301.56,128.92
00:20.0,931.45,222.52,303.24,130.05
00:20.1,933.27,223.19,304.93,131.42
00:20.1,935.1,223.89,306.62,132.94
00:20.1,936.95,224.64,308.31,134.28
00:20.2,938.83,225.44,310,135.79
00:20.3,940.72,226.28,311.7,137.45
00:20.3,942.65,227.16,313.4,139.3
00:20.4,944.59,228.07,315.11,141.32
00:20.4,946.57,229.04,316.84,143.57
00:20.5,948.58,230.04,318.57,145.67
00:20.5,950.62,231.08,320.31,147.69
00:20.5,952.68,232.16,322.07,149.75
00:20.6,954.78,233.27,323.83,151.77
00:20.6,956.9,234.43,325.6,153.74
00:20.7,959.05,235.63,327.38,155.78
00:20.8,961.23,236.88,329.16,157.73
00:20.8,963.43,238.17,330.93,159.68
00:20.8,965.66,239.5,332.72,161.58
00:20.9,967.92,240.86,334.52,163.3
00:21.0,970.2,242.24,336.32,165.11
00:21.0,972.5,243.66,338.14,166.98
00:21.1,974.84,245.11,339.96,168.82
00:21.1,977.19,246.6,341.78,170.68
00:21.1,979.58,248.11,343.62,172.51
00:21.2,981.99,249.65,345.46,174.26
00:21.2,984.41,251.22,347.32,175.99
00:21.3,986.87,252.8,349.19,177.51
00:21.4,989.34,254.39,351.07,178.57
00:21.4,991.82,255.99,352.97,179.64
00:21.5,994.33,257.6,354.88,181.51
00:21.5,996.87,259.21,356.82,183.52
00:21.5,999.42,260.81,358.8,185.09
00:21.6,1002.01,262.4,360.82,186.73
00:21.7,1004.61,263.97,362.89,188.3
00:21.7,1007.24,265.52,365,189.85
00:21.8,1009.89,267.04,367.15,191.38
00:21.8,1012.55,268.55,369.34,192.9
00:21.9,1015.24,270.05,371.57,194.4
00:21.9,1017.95,271.52,373.83,195.89
00:22.0,1020.68,272.99,376.13,197.37
00:22.0,1023.44,274.44,378.46,198.82
00:22.1,1026.2,275.87,380.82,199.93
00:22.1,1028.98,277.29,383.2,199.34
00:22.1,1031.73,278.67,385.57,196.6
00:22.2,1034.43,280.03,387.9,193.35
00:22.3,1037.1,281.36,390.2,190.07
00:22.3,1039.71,282.66,392.46,186.91
00:22.4,1042.29,283.95,394.69,183.65
00:22.4,1044.81,285.21,396.87,180.12
00:22.5,1047.29,286.45,399,176.4
00:22.5,1049.71,287.67,401.08,172.55
00:22.6,1052.09,288.88,403.12,169.02
00:22.6,1054.41,290.06,405.11,165.57
00:22.7,1056.69,291.23,407.05,161.96
00:22.7,1058.91,292.38,408.95,158.43
00:22.8,1061.09,293.5,410.81,155.04
00:22.8,1063.22,294.61,412.62,151.48
00:22.9,1065.29,295.7,414.38,147.53
00:22.9,1067.31,296.77,416.09,143.92
00:23.0,1069.29,297.82,417.76,140.51
00:23.0,1071.22,298.86,419.38,137.35
00:23.1,1073.11,299.87,420.97,134.61
00:23.1,1074.96,300.87,422.51,131.62
00:23.1,1076.76,301.86,424.02,128
00:23.2,1078.51,302.82,425.48,124.42
00:23.2,1080.22,303.77,426.89,121
00:23.3,1081.88,304.71,428.25,117.85
00:23.3,1083.5,305.62,429.58,114.88
00:23.4,1085.07,306.53,430.87,112.15
00:23.5,1086.61,307.42,432.11,109.25
00:23.5,1088.11,308.31,433.31,106.33
00:23.6,1089.56,309.19,434.47,103.48
00:23.6,1090.98,310.07,435.58,100.82
00:23.6,1092.37,310.93,436.66,98.39
00:23.7,1093.71,311.79,437.7,96.15
00:23.8,1095.04,312.65,438.7,93.98
00:23.8,1096.32,313.5,439.66,91.68
00:23.8,1097.58,314.35,440.59,89.42
00:23.9,1098.81,315.19,441.47,87.41
00:23.9,1100.01,316.04,442.32,85.35
00:24.0,1101.18,316.87,443.14,83.52
00:24.0,1102.33,317.71,443.92,81.69
00:24.1,1103.45,318.55,444.66,79.77
00:24.1,1104.54,319.39,445.36,77.96
00:24.2,1105.61,320.22,446.02,75.97
00:24.2,1106.65,321.05,446.65,73.95
00:24.3,1107.67,321.88,447.23,72.23
00:24.4,1108.66,322.7,447.78,70.66
00:24.4,1109.63,323.53,448.29,69.2
00:24.4,1110.59,324.35,448.76,67.88
00:24.5,1111.52,325.18,449.19,66.59
00:24.6,1112.44,326,449.58,65.32
00:24.6,1113.34,326.82,449.94,64.06
00:24.6,1114.23,327.64,450.26,62.92
00:24.7,1115.1,328.46,450.54,62
00:24.8,1115.96,329.28,450.78,61.24
00:24.8,1116.81,330.1,450.99,60.58
00:24.8,1117.65,330.91,451.15,59.99
00:24.9,1118.49,331.73,451.28,59.49
00:24.9,1119.32,332.55,451.38,59.06
00:25.0,1120.14,333.36,451.44,58.63
00:25.1,1120.95,334.17,451.46,58.2
00:25.1,1121.76,334.97,451.45,57.78
00:25.1,1122.57,335.77,451.4,57.41
00:25.2,1123.37,336.56,451.32,57.05
00:25.3,1124.17,337.33,451.2,56.7
00:25.3,1124.96,338.1,451.04,56.36
00:25.4,1125.75,338.85,450.85,56.03
00:25.4,1126.53,339.59,450.62,55.78
00:25.5,1127.31,340.32,450.36,56.04
00:25.5,1128.1,341.04,450.06,57
00:25.6,1128.91,341.77,449.73,58.22
00:25.6,1129.73,342.5,449.36,59.59
00:25.6,1130.58,343.23,448.96,61.11
00:25.7,1131.44,343.96,448.51,62.76
00:25.8,1132.33,344.69,448.02,64.32
00:25.8,1133.24,345.42,447.49,65.88
00:25.9,1134.17,346.14,446.92,67.52
00:25.9,1135.12,346.86,446.31,69.07
00:25.9,1136.09,347.58,445.66,70.82
00:26.0,1137.09,348.29,444.96,72.61
00:26.1,1138.11,348.99,444.22,74.61
00:26.1,1139.17,349.68,443.44,76.7
00:26.1,1140.25,350.36,442.61,78.67
00:26.2,1141.36,351.03,441.73,80.75
00:26.3,1142.49,351.7,440.82,82.75
00:26.3,1143.65,352.34,439.85,84.83
00:26.3,1144.85,352.97,438.85,86.86
00:26.4,1146.07,353.58,437.79,88.91
00:26.5,1147.31,354.16,436.69,91.09
00:26.5,1148.6,354.72,435.55,93.36
00:26.5,1149.91,355.27,434.36,95.78
00:26.6,1151.26,355.8,433.12,98.27
00:26.6,1152.64,356.32,431.85,100.84
00:26.7,1154.06,356.82,430.53,103.45
00:26.8,1155.51,357.33,429.17,106.16
00:26.8,1157.01,357.84,427.77,108.86
00:26.8,1158.54,358.36,426.33,111.54
00:26.9,1160.1,358.88,424.86,114.2
00:26.9,1161.71,359.42,423.36,116.84
00:27.0,1163.35,359.96,421.81,119.46
00:27.1,1165.02,360.52,420.24,121.98
00:27.1,1166.74,361.07,418.62,124.44
00:27.1,1168.48,361.64,416.98,126.9
00:27.2,1170.26,362.23,415.31,129.4
00:27.2,1172.08,362.84,413.61,131.85
00:27.3,1173.93,363.47,411.88,134.26
00:27.4,1175.81,364.13,410.12,136.61
00:27.4,1177.72,364.82,408.34,138.91
00:27.4,1179.67,365.54,406.54,141.1
00:27.5,1181.64,366.28,404.71,143.16
00:27.6,1183.64,367.05,402.88,144.27
00:27.6,1185.63,367.85,401.05,142.53
00:27.6,1187.59,368.65,399.27,139.22
00:27.7,1189.5,369.44,397.54,135.61
00:27.8,1191.36,370.23,395.86,132.11
00:27.8,1193.17,371,394.22,128.89
00:27.8,1194.94,371.76,392.63,125.94
00:27.9,1196.67,372.51,391.07,123.23
00:28.0,1198.36,373.25,389.55,120.6
00:28.0,1200.02,373.98,388.07,117.58
00:28.0,1201.63,374.7,386.63,114.44
00:28.1,1203.2,375.41,385.24,111.57
00:28.1,1204.73,376.1,383.88,108.7
00:28.2,1206.21,376.78,382.56,105.73
00:28.2,1207.66,377.45,381.28,102.79
00:28.3,1209.07,378.11,380.04,99.75
00:28.4,1210.44,378.76,378.84,96.99
00:28.4,1211.76,379.39,377.67,94.29
00:28.5,1213.06,380,376.54,91.69
00:28.5,1214.31,380.61,375.44,89.21
00:28.6,1215.53,381.2,374.37,86.78
00:28.6,1216.72,381.78,373.34,84.48
00:28.6,1217.88,382.35,372.33,82.31
00:28.7,1219.01,382.91,371.36,80.28
00:28.7,1220.11,383.47,370.42,78.37
00:28.8,1221.19,384.03,369.5,76.48
00:28.9,1222.24,384.59,368.62,74.52
00:28.9,1223.26,385.16,367.77,72.58
00:29.0,1224.26,385.73,366.96,70.76
00:29.0,1225.23,386.31,366.18,69.16
00:29.1,1226.18,386.9,365.44,67.71
00:29.1,1227.11,387.5,364.73,66.31
00:29.1,1228.03,388.11,364.06,64.98
00:29.2,1228.92,388.74,363.42,63.65
00:29.3,1229.8,389.37,362.82,62.28
00:29.3,1230.66,390.01,362.26,60.9
00:29.3,1231.5,390.65,361.73,59.52
00:29.4,1232.32,391.3,361.24,58.17
00:29.5,1233.12,391.96,360.78,56.87
00:29.5,1233.91,392.61,360.36,55.63
00:29.5,1234.68,393.27,359.98,54.45
00:29.6,1235.43,393.93,359.62,53.29
00:29.6,1236.17,394.59,359.3,52.14
00:29.7,1236.89,395.24,359.02,51.06
00:29.7,1237.6,395.9,358.77,50.06
00:29.8,1238.29,396.55,358.55,49.12
00:29.9,1238.98,397.2,358.37,48.29
00:29.9,1239.65,397.85,358.22,47.56
00:30.0,1240.32,398.49,358.1,46.9
00:30.0,1240.97,399.13,358.01,46.25
00:30.1,1241.62,399.77,357.96,45.59
00:30.1,1242.26,400.39,357.95,44.96
00:30.1,1242.89,401.01,357.96,44.35
00:30.2,1243.52,401.62,358.01,43.76
00:30.3,1244.14,402.22,358.09,43.19
00:30.3,1244.75,402.8,358.2,42.64
00:30.4,1245.35,403.37,358.34,42.09
00:30.4,1245.95,403.93,358.52,41.56
00:30.5,1246.54,404.46,358.72,41.04
00:30.5,1247.12,404.98,358.95,40.52
00:30.6,1247.69,405.48,359.21,40
00:30.6,1248.26,405.95,359.49,39.51
00:30.6,1248.83,406.4,359.8,39.06
00:30.7,1249.39,406.83,360.13,38.66
00:30.7,1249.94,407.23,360.48,38.27
00:30.8,1250.49,407.6,360.86,37.88
00:30.9,1251.03,407.95,361.25,37.51
00:30.9,1251.57,408.27,361.65,37.15
00:30.9,1252.11,408.56,362.08,36.79
00:31.0,1252.64,408.82,362.51,36.45
00:31.0,1253.17,409.05,362.96,36.15
00:31.1,1253.69,409.25,363.42,36.21
00:31.2,1254.22,409.42,363.9,36.73
00:31.2,1254.76,409.57,364.39,37.62
00:31.2,1255.31,409.69,364.9,38.68
00:31.3,1255.88,409.79,365.44,39.73
00:31.4,1256.45,409.87,365.99,40.63
00:31.4,1257.04,409.92,366.56,41.46
00:31.4,1257.64,409.94,367.14,42.32
00:31.5,1258.25,409.93,367.73,43.21
00:31.6,1258.87,409.89,368.33,44.15
00:31.6,1259.5,409.82,368.95,45.08
00:31.6,1260.14,409.72,369.57,46.01
00:31.7,1260.8,409.59,370.2,46.94
00:31.8,1261.47,409.42,370.84,47.93
00:31.8,1262.15,409.22,371.48,48.95
00:31.9,1262.84,408.99,372.12,49.99
00:31.9,1263.55,408.73,372.77,51.07
00:32.0,1264.28,408.43,373.42,52.19
00:32.0,1265.02,408.1,374.07,53.43
00:32.1,1265.77,407.74,374.73,54.81
00:32.1,1266.55,407.34,375.38,56.35
00:32.1,1267.35,406.91,376.04,57.95
00:32.2,1268.17,406.44,376.71,59.64
00:32.2,1269.01,405.93,377.38,61.32
00:32.3,1269.88,405.39,378.05,63.15
00:32.4,1270.77,404.81,378.71,64.92
00:32.4,1271.68,404.19,379.38,66.71
00:32.5,1272.62,403.52,380.04,68.58
00:32.5,1273.59,402.82,380.69,70.46
00:32.5,1274.58,402.08,381.35,72.51
00:32.6,1275.61,401.3,382,74.66
00:32.6,1276.66,400.49,382.67,76.82
00:32.7,1277.74,399.65,383.34,78.99
00:32.7,1278.85,398.78,384.03,81.17
00:32.8,1280,397.89,384.74,83.34
00:32.8,1281.17,396.97,385.45,85.48
00:32.9,1282.37,396.02,386.19,87.68
00:33.0,1283.61,395.05,386.94,89.97
00:33.0,1284.87,394.06,387.72,91.8
00:33.0,1286.15,393.06,388.52,92.41
00:33.1,1287.43,392.08,389.33,91.65
00:33.2,1288.69,391.13,390.16,90.32
00:33.2,1289.94,390.2,390.99,88.97
00:33.2,1291.17,389.31,391.83,87.73
00:33.3,1292.38,388.45,392.67,86.52
00:33.3,1293.57,387.62,393.53,85.26
00:33.4,1294.75,386.83,394.39,83.96
00:33.5,1295.9,386.08,395.27,82.67
00:33.5,1297.04,385.37,396.15,81.47
00:33.5,1298.17,384.69,397.05,80.51
00:33.6,1299.28,384.05,397.96,79.79
00:33.6,1300.39,383.45,398.88,79.23
00:33.7,1301.48,382.88,399.81,78.83
00:33.8,1302.58,382.34,400.76,78.51
00:33.8,1303.67,381.83,401.72,78.2
00:33.9,1304.75,381.36,402.69,78.02
00:33.9,1305.83,380.92,403.67,77.98
00:34.0,1306.92,380.51,404.67,77.99
00:34.0,1308,380.13,405.69,77.94
00:34.0,1309.08,379.8,406.71,77.67
00:34.1,1310.16,379.49,407.74,77.3
00:34.1,1311.23,379.23,408.77,76.95
00:34.2,1312.3,379,409.81,76.64
00:34.2,1313.36,378.81,410.85,76.32
00:34.3,1314.42,378.65,411.9,75.99
00:34.3,1315.47,378.53,412.94,75.68
00:34.4,1316.52,378.45,413.98,75.33
00:34.5,1317.57,378.4,415.02,75.01
00:34.5,1318.61,378.39,416.06,74.79
00:34.6,1319.64,378.41,417.09,74.49
00:34.6,1320.67,378.46,418.12,74.18
00:34.6,1321.7,378.55,419.14,73.86
00:34.7,1322.73,378.67,420.15,73.5
00:34.8,1323.75,378.82,421.15,73.15
00:34.8,1324.76,379.02,422.14,72.82
00:34.8,1325.77,379.24,423.12,72.45
00:34.9,1326.77,379.51,424.08,72.11
00:35.0,1327.77,379.8,425.04,72.11
00:35.0,1328.78,380.14,425.98,72.49
00:35.0,1329.79,380.52,426.91,72.96
00:35.1,1330.81,380.95,427.83,73.64
00:35.2,1331.84,381.41,428.74,74.3
00:35.2,1332.87,381.91,429.65,74.94
00:35.3,1333.92,382.43,430.55,75.79
00:35.3,1334.98,382.98,431.44,76.39
00:35.3,1336.05,383.59,432.32,77.14
00:35.4,1337.13,384.23,433.17,77.84
00:35.5,1338.22,384.91,434.02,78.6
00:35.5,1339.32,385.62,434.85,79.51
00:35.5,1340.43,386.36,435.68,80.22
00:35.6,1341.55,387.12,436.49,81.11
00:35.7,1342.68,387.92,437.28,81.96
00:35.7,1343.83,388.76,438.06,82.95
00:35.7,1344.99,389.63,438.82,84.18
00:35.8,1346.16,390.54,439.56,85.65
00:35.9,1347.36,391.48,440.3,87.32
00:35.9,1348.59,392.45,441.03,89.09
00:36.0,1349.84,393.47,441.75,91
00:36.0,1351.12,394.52,442.47,92.98
00:36.1,1352.42,395.6,443.18,95.06
00:36.1,1353.76,396.73,443.89,97.11
00:36.1,1355.12,397.89,444.58,99.2
00:36.2,1356.51,399.09,445.28,101.27
00:36.2,1357.94,400.32,445.97,103.35
00:36.3,1359.39,401.59,446.66,105.4
00:36.3,1360.87,402.89,447.35,107.48
00:36.4,1362.38,404.22,448.05,109.72
00:36.5,1363.92,405.59,448.75,112
00:36.5,1365.49,406.98,449.46,113.69
00:36.6,1367.06,408.39,450.16,112.95
00:36.6,1368.62,409.79,450.84,111.05
00:36.6,1370.15,411.17,451.48,108.49
00:36.7,1371.63,412.53,452.09,105.83
00:36.7,1373.09,413.86,452.65,103.09
00:36.8,1374.5,415.18,453.16,100.46
00:36.8,1375.88,416.47,453.63,97.96
00:36.9,1377.22,417.74,454.07,95.44
00:37.0,1378.53,418.98,454.48,92.88
00:37.0,1379.8,420.2,454.84,90.39
00:37.0,1381.04,421.39,455.17,87.92
00:37.1,1382.25,422.56,455.46,85.57
00:37.2,1383.42,423.7,455.73,83.43
00:37.2,1384.57,424.82,455.95,81.57
00:37.3,1385.69,425.93,456.15,79.99
00:37.3,1386.79,427.02,456.31,78.62
00:37.4,1387.88,428.09,456.43,77.64
00:37.4,1388.95,429.16,456.52,77.06
00:37.5,1390.02,430.23,456.58,76.65
00:37.5,1391.09,431.29,456.6,76.27
00:37.5,1392.14,432.34,456.58,75.88
00:37.6,1393.19,433.39,456.53,75.49
00:37.6,1394.24,434.43,456.44,75.14
00:37.7,1395.28,435.47,456.32,75
00:37.7,1396.33,436.5,456.17,75.26
00:37.8,1397.38,437.53,455.98,75.89
00:37.9,1398.43,438.56,455.75,76.46
00:37.9,1399.5,439.59,455.49,76.47
00:38.0,1400.56,440.61,455.2,76.05
00:38.0,1401.61,441.61,454.88,75.49
00:38.1,1402.66,442.59,454.52,74.9
00:38.1,1403.69,443.55,454.14,74.31
00:38.2,1404.72,444.5,453.73,73.72
00:38.2,1405.74,445.42,453.29,73.17
00:38.2,1406.76,446.31,452.82,72.7
00:38.3,1407.76,447.19,452.33,72.27
00:38.4,1408.77,448.04,451.8,71.85
00:38.4,1409.76,448.87,451.25,71.44
00:38.5,1410.75,449.67,450.68,71.02
00:38.5,1411.74,450.45,450.07,70.62
00:38.6,1412.72,451.2,449.44,70.51
00:38.6,1413.7,451.92,448.78,70.99
00:38.6,1414.7,452.63,448.09,71.74
00:38.7,1415.7,453.33,447.37,72.66
00:38.8,1416.72,454.01,446.61,73.6
00:38.8,1417.75,454.67,445.83,74.54
00:38.8,1418.79,455.31,445.01,75.4
00:38.9,1419.85,455.93,444.16,76.28
00:39.0,1420.92,456.53,443.28,77.16
00:39.0,1422,457.1,442.36,78.05
00:39.0,1423.09,457.65,441.42,79.02
00:39.1,1424.2,458.17,440.45,80.13
00:39.2,1425.32,458.67,439.44,81.35
00:39.2,1426.46,459.15,438.41,82.69
00:39.3,1427.62,459.61,437.35,84.11
00:39.3,1428.8,460.05,436.25,85.53
00:39.3,1430,460.46,435.13,86.96
00:39.4,1431.22,460.84,433.97,88.33
00:39.5,1432.45,461.19,432.79,89.68
00:39.5,1433.71,461.51,431.57,91.04
00:39.5,1434.98,461.79,430.33,92.55
00:39.6,1436.28,462.04,429.06,94.2
00:39.6,1437.59,462.28,427.76,95.9
00:39.7,1438.94,462.48,426.43,97.7
00:39.7,1440.31,462.66,425.07,99.62
00:39.8,1441.71,462.8,423.68,101.65
00:39.9,1443.13,462.91,422.26,103.77
00:39.9,1444.59,463,420.81,106.04
00:40.0,1446.08,463.06,419.32,108.51
00:40.0,1447.6,463.09,417.79,110.81
00:40.0,1449.16,463.09,416.24,113.01
00:40.1,1450.74,463.06,414.66,115.26
00:40.2,1452.35,463.01,413.04,117.46
00:40.2,1454,462.93,411.4,119.58
00:40.2,1455.67,462.84,409.72,121.63
00:40.3,1457.38,462.75,408.02,123.82
00:40.3,1459.12,462.67,406.29,126.16
00:40.4,1460.89,462.6,404.52,128.5
00:40.5,1462.69,462.55,402.72,130.8
00:40.5,1464.52,462.51,400.89,133.01
00:40.6,1466.38,462.47,399.03,135.25
00:40.6,1468.27,462.42,397.13,137.38
00:40.6,1470.19,462.37,395.21,139.52
00:40.7,1472.15,462.31,393.26,141.65
00:40.8,1474.13,462.24,391.28,143.72
00:40.8,1476.14,462.17,389.27,145.85
00:40.9,1478.18,462.09,387.23,147.96
00:40.9,1480.25,462.02,385.16,150.05
00:41.0,1482.35,461.94,383.07,152.12
00:41.0,1484.48,461.87,380.94,154.14
00:41.0,1486.63,461.79,378.79,156.1
00:41.1,1488.81,461.71,376.61,158.05
00:41.1,1491.02,461.62,374.4,159.94
00:41.2,1493.26,461.53,372.17,161.81
00:41.3,1495.51,461.43,369.91,163.67
00:41.3,1497.8,461.33,367.63,165.49
00:41.3,1500.11,461.22,365.32,167.26
00:41.4,1502.45,461.1,362.99,169.03
00:41.5,1504.81,460.98,360.63,170.77
00:41.5,1507.19,460.84,358.25,172.5
00:41.6,1509.6,460.7,355.85,174.22
00:41.6,1512.03,460.55,353.42,175.91
00:41.7,1514.48,460.39,350.97,177.56
00:41.7,1516.96,460.22,348.5,179.18
00:41.7,1519.46,460.04,346.01,180.8
00:41.8,1521.98,459.86,343.49,182.39
00:41.8,1524.53,459.67,340.96,183.96
00:41.9,1527.09,459.46,338.4,185.53
00:42.0,1529.68,459.25,335.82,187.06
00:42.0,1532.29,459.03,333.22,188.56
00:42.1,1534.92,458.8,330.6,190.05
00:42.1,1537.57,458.57,327.96,191.5
00:42.1,1540.24,458.32,325.3,192.94
00:42.2,1542.93,458.06,322.63,194.38
00:42.2,1545.64,457.79,319.93,195.8
00:42.3,1548.37,457.51,317.22,197.21
00:42.4,1551.11,457.21,314.48,198.62
00:42.4,1553.88,456.89,311.73,200
00:42.5,1556.67,456.56,308.97,201.35
00:42.5,1559.48,456.22,306.18,202.68
00:42.5,1562.3,455.85,303.38,203.99
00:42.6,1565.14,455.47,300.56,205.3
00:42.7,1568,455.07,297.73,206.61
00:42.7,1570.88,454.65,294.88,207.89
00:42.8,1573.78,454.21,292.02,209.14
00:42.8,1576.69,453.74,289.15,210.38
00:42.9,1579.62,453.25,286.26,211.6
00:42.9,1582.57,452.74,283.35,212.81
00:43.0,1585.53,452.2,280.44,214
00:43.0,1588.51,451.64,277.51,215.18
00:43.1,1591.51,451.05,274.58,216.34
00:43.1,1594.52,450.43,271.63,217.5
00:43.1,1597.55,449.77,268.67,218.66
00:43.2,1600.59,449.09,265.7,219.81
00:43.2,1603.65,448.38,262.73,220.93
00:43.3,1606.73,447.64,259.74,222.04
00:43.4,1609.82,446.87,256.75,223.14
00:43.4,1612.93,446.08,253.74,224.24
00:43.5,1616.05,445.27,250.73,225.34
00:43.5,1619.19,444.43,247.7,226.41
00:43.6,1622.34,443.56,244.67,227.45
00:43.6,1625.5,442.65,241.64,228.44
00:43.6,1628.68,441.71,238.6,229.43
00:43.7,1631.87,440.74,235.56,230.42
00:43.7,1635.08,439.73,232.52,231.37
00:43.8,1638.3,438.67,229.48,232.28
00:43.8,1641.53,437.56,226.44,233.21
00:43.9,1644.78,436.4,223.41,234.11
00:44.0,1648.03,435.19,220.38,235.01
00:44.0,1651.3,433.95,217.36,235.91
00:44.0,1654.59,432.66,214.34,236.79
00:44.1,1657.88,431.34,211.32,237.65
00:44.1,1661.18,429.97,208.32,238.45
00:44.2,1664.5,428.54,205.32,239.23
00:44.2,1667.83,427.06,202.34,239.97
00:44.3,1671.16,425.53,199.38,240.69
00:44.4,1674.51,423.94,196.43,241.43
00:44.4,1677.87,422.29,193.5,242.14
00:44.5,1681.23,420.61,190.58,242.9
00:44.5,1684.61,418.88,187.68,243.68
00:44.5,1688,417.1,184.8,244.42
00:44.6,1691.4,415.26,181.94,245.13
00:44.7,1694.81,413.38,179.1,245.82
00:44.7,1698.23,411.44,176.28,246.56
00:44.8,1701.65,409.47,173.47,247.29
00:44.8,1705.09,407.44,170.7,247.98
00:44.8,1708.54,405.36,167.95,248.66
00:44.9,1712,403.22,165.23,249.38
00:45.0,1715.47,401.03,162.53,250.15
00:45.0,1718.95,398.81,159.86,250.95
00:45.0,1722.44,396.55,157.2,251.76
00:45.1,1725.94,394.26,154.55,252.55
00:45.2,1729.45,391.93,151.92,253.27
00:45.2,1732.98,389.56,149.31,253.96
00:45.2,1736.51,387.14,146.74,254.63
00:45.3,1740.05,384.68,144.2,255.3
00:45.4,1743.6,382.17,141.69,255.92
00:45.4,1747.15,379.61,139.21,256.42
00:45.5,1750.72,377,136.78,256.99
00:45.5,1754.29,374.35,134.39,257.54
00:45.6,1757.87,371.66,132.02,258.05
00:45.6,1761.46,368.93,129.69,258.7
00:45.6,1765.05,366.16,127.39,259.31
00:45.7,1768.66,363.35,125.14,259.97
00:45.8,1772.27,360.5,122.91,260.65
00:45.8,1775.9,357.62,120.72,261.35
00:45.8,1779.53,354.7,118.55,261.98
00:45.9,1783.18,351.75,116.41,262.58
00:46.0,1786.82,348.77,114.3,263.15
00:46.0,1790.48,345.75,112.24,263.67
00:46.0,1794.15,342.7,110.21,264.14
00:46.1,1797.82,339.6,108.24,264.62
00:46.2,1801.49,336.47,106.31,265.21
00:46.2,1805.18,333.3,104.42,265.87
00:46.3,1808.88,330.11,102.56,266.54
00:46.3,1812.59,326.89,100.72,267.11
00:46.3,1816.3,323.65,98.9,267.84
00:46.4,1820.03,320.4,97.08,268.56
00:46.5,1823.76,317.14,95.26,269.28
00:46.5,1827.51,313.86,93.45,269.99
00:46.5,1831.26,310.57,91.63,270.68
00:46.6,1835.03,307.27,89.83,271.29
00:46.7,1838.79,303.96,88.02,271.85
00:46.7,1842.58,300.63,86.23,272.56
00:46.7,1846.37,297.3,84.43,273.24
00:46.8,1850.17,293.94,82.65,273.9
00:46.8,1853.98,290.57,80.87,274.55
00:46.9,1857.79,287.19,79.11,275.18
00:47.0,1861.62,283.79,77.35,275.81
00:47.0,1865.45,280.37,75.62,276.44
00:47.0,1869.3,276.93,73.9,277.05
00:47.1,1873.15,273.47,72.21,277.63
00:47.1,1877.01,269.99,70.53,278.23
00:47.2,1880.88,266.49,68.88,278.84
00:47.3,1884.75,262.98,67.24,279.45
00:47.3,1888.64,259.44,65.63,280.01
00:47.4,1892.53,255.89,64.04,280.59
00:47.4,1896.43,252.32,62.47,281.19
00:47.5,1900.34,248.73,60.93,281.67
00:47.5,1904.25,245.12,59.41,281.14
00:47.5,1908.14,241.53,57.92,278.6
00:47.6,1911.98,237.97,56.46,275.19
00:47.7,1915.78,234.45,55.05,271.52
00:47.7,1919.52,230.96,53.67,267.87
00:47.7,1923.22,227.52,52.33,264.23
00:47.8,1926.86,224.12,51.01,260.54
00:47.8,1930.46,220.77,49.72,256.9
00:47.9,1934,217.45,48.47,253.32
00:47.9,1937.5,214.18,47.25,249.81
00:48.0,1940.94,210.94,46.06,246.37
00:48.1,1944.34,207.75,44.91,242.97
00:48.1,1947.69,204.59,43.78,239.8
00:48.1,1951,201.47,42.69,236.85
00:48.2,1954.27,198.38,41.61,234.26
00:48.3,1957.5,195.32,40.56,231.42
00:48.3,1960.69,192.3,39.53,228.35
00:48.3,1963.84,189.31,38.53,225.36
00:48.4,1966.95,186.36,37.57,222.07
00:48.5,1970.01,183.44,36.64,218.81
00:48.5,1973.03,180.56,35.75,215.88
00:48.5,1976.01,177.71,34.89,212.94
00:48.6,1978.94,174.89,34.06,209.7
00:48.6,1981.83,172.12,33.25,206.7
00:48.7,1984.68,169.38,32.46,203.89
00:48.7,1987.5,166.68,31.68,201.13
00:48.8,1990.27,164.01,30.93,198.72
00:48.9,1993.01,161.37,30.19,196.42
00:48.9,1995.72,158.76,29.47,193.74
00:49.0,1998.39,156.18,28.77,190.47
00:49.0,2001.01,153.65,28.11,187.17
00:49.0,2003.58,151.15,27.49,184.09
00:49.1,2006.12,148.68,26.92,181.18
00:49.2,2008.62,146.25,26.38,178.31
00:49.2,2011.07,143.85,25.87,175.4
00:49.2,2013.49,141.49,25.37,172.22
00:49.3,2015.86,139.18,24.88,168.73
00:49.3,2018.18,136.91,24.4,165.02
00:49.4,2020.44,134.7,23.92,161.32
00:49.5,2022.66,132.54,23.46,157.96
00:49.5,2024.83,130.41,23,155.11
00:49.6,2026.97,128.33,22.56,151.91
00:49.6,2029.05,126.3,22.12,148.47
00:49.7,2031.09,124.31,21.7,144.75
00:49.7,2033.07,122.37,21.27,141.12
00:49.7,2035.01,120.48,20.85,137.65
00:49.8,2036.9,118.64,20.43,134.38
00:49.8,2038.74,116.85,20.01,131.34
00:49.9,2040.55,115.1,19.59,128.26
00:50.0,2042.31,113.39,19.16,125.06
00:50.0,2044.02,111.74,18.73,121.68
00:50.0,2045.69,110.13,18.29,118.57
00:50.1,2047.31,108.57,17.84,115.56
00:50.1,2048.9,107.05,17.38,112.74
00:50.2,2050.45,105.58,16.91,110.27
00:50.2,2051.96,104.14,16.44,107.42
00:50.3,2053.44,102.75,15.96,104.99
00:50.4,2054.88,101.39,15.48,102.43
00:50.4,2056.28,100.08,14.99,99.88
00:50.5,2057.65,98.8,14.49,97.54
00:50.5,2058.99,97.57,13.98,95.12
00:50.5,2060.3,96.37,13.45,93.03
00:50.6,2061.57,95.22,12.91,90.86
00:50.6,2062.82,94.1,12.36,88.6
00:50.7,2064.04,93.03,11.79,86.55
00:50.8,2065.23,91.99,11.2,84.5
00:50.8,2066.39,91,10.61,82.53
00:50.8,2067.52,90.05,9.99,80.64
00:50.9,2068.63,89.14,9.37,78.86
00:51.0,2069.71,88.26,8.73,77.09
00:51.0,2070.77,87.42,8.09,75.56
00:51.0,2071.82,86.61,7.43,74.56
00:51.1,2072.85,85.84,6.75,73.94
00:51.2,2073.88,85.09,6.05,73.35
00:51.2,2074.89,84.38,5.32,72.73
00:51.2,2075.9,83.71,4.58,72.18
00:51.3,2076.9,83.07,3.81,71.65
00:51.3,2077.9,82.46,3.03,71.08
00:51.4,2078.88,81.88,2.24,70.27
00:51.5,2079.85,81.34,1.43,69.06
00:51.5,2080.8,80.84,0.63,67.53
00:51.6,2081.73,80.38,-0.18,65.78
00:51.6,2082.63,79.96,-0.97,63.84
00:51.6,2083.5,79.58,-1.76,61.87
00:51.7,2084.35,79.21,-2.52,59.84
00:51.7,2085.17,78.84,-3.25,57.78
00:51.8,2085.96,78.47,-3.94,55.8
00:51.9,2086.72,78.09,-4.6,53.96
00:51.9,2087.46,77.7,-5.23,52.28
00:52.0,2088.18,77.3,-5.82,50.81
00:52.0,2088.89,76.89,-6.39,49.73
00:52.0,2089.57,76.47,-6.92,49.18
00:52.1,2090.26,76.03,-7.45,48.6
00:52.2,2090.94,75.57,-7.94,48
00:52.2,2091.61,75.1,-8.4,47.46
00:52.3,2092.27,74.6,-8.83,46.91
00:52.3,2092.93,74.1,-9.23,46.49
00:52.4,2093.59,73.59,-9.63,46.34
00:52.4,2094.24,73.06,-10,46.4
00:52.5,2094.89,72.51,-10.35,47.69
00:52.5,2095.57,71.92,-10.67,48.97
00:52.6,2096.27,71.29,-10.95,50.27
00:52.6,2096.98,70.64,-11.21,51.57
00:52.6,2097.7,69.96,-11.46,52.81
00:52.7,2098.45,69.25,-11.69,54.1
00:52.7,2099.22,68.52,-11.9,55.69
00:52.8,2100.01,67.75,-12.08,57.45
00:52.8,2100.82,66.96,-12.23,59.45
00:52.9,2101.66,66.13,-12.36,61.58
00:53.0,2102.54,65.26,-12.47,63.86
00:53.0,2103.44,64.36,-12.55,66.09
00:53.1,2104.37,63.43,-12.63,68.46
00:53.1,2105.34,62.47,-12.69,70.94
00:53.1,2106.34,61.46,-12.73,73.57
00:53.2,2107.38,60.43,-12.75,76.07
00:53.2,2108.45,59.35,-12.75,78.59
00:53.3,2109.57,58.24,-12.73,81.1
00:53.3,2110.71,57.1,-12.7,83.65
00:53.4,2111.89,55.92,-12.64,86.12
00:53.5,2113.1,54.71,-12.56,88.6
00:53.5,2114.35,53.47,-12.46,90.97
00:53.5,2115.63,52.2,-12.33,93.14
00:53.6,2116.93,50.9,-12.18,95.28
00:53.7,2118.27,49.57,-12.01,97.68
00:53.7,2119.65,48.21,-11.83,100.07
00:53.7,2121.05,46.81,-11.63,102.58
00:53.8,2122.5,45.39,-11.43,105.15
00:53.9,2123.97,43.92,-11.24,107.76
00:53.9,2125.49,42.41,-11.07,110.32
00:53.9,2127.04,40.87,-10.92,112.87
00:54.0,2128.63,39.29,-10.79,115.37
00:54.1,2130.25,37.68,-10.68,117.77
00:54.1,2131.9,36.03,-10.59,120.16
00:54.2,2133.58,34.34,-10.52,122.52
00:54.2,2135.3,32.63,-10.48,124.77
00:54.3,2137.05,30.88,-10.46,127.02
00:54.3,2138.83,29.1,-10.47,129.32
00:54.3,2140.64,27.29,-10.5,131.55
00:54.4,2142.48,25.45,-10.55,133.63
00:54.5,2144.35,23.58,-10.62,135.74
00:54.5,2146.25,21.68,-10.7,137.88
00:54.5,2148.18,19.75,-10.8,140.03
00:54.6,2150.14,17.8,-10.92,142.1
00:54.6,2152.13,15.81,-11.06,144.17
00:54.7,2154.15,13.8,-11.23,146.26
00:54.7,2156.19,11.77,-11.42,148.3
00:54.8,2158.27,9.7,-11.63,150.32
00:54.9,2160.37,7.61,-11.85,152.31
00:54.9,2162.5,5.5,-12.1,154.27
00:55.0,2164.65,3.36,-12.36,156.21
00:55.0,2166.84,1.2,-12.64,158.14
00:55.1,2169.05,-0.99,-12.95,160.02
00:55.1,2171.28,-3.21,-13.27,161.86
00:55.1,2173.54,-5.44,-13.61,163.66
00:55.2,2175.82,-7.7,-13.96,165.43
00:55.3,2178.13,-9.98,-14.32,167.25
00:55.3,2180.47,-12.28,-14.7,169.03
00:55.3,2182.83,-14.61,-15.09,170.79
00:55.4,2185.21,-16.96,-15.48,172.52
00:55.5,2187.62,-19.34,-15.89,174.21
00:55.5,2190.05,-21.73,-16.3,175.88
00:55.6,2192.51,-24.15,-16.71,177.52
00:55.6,2194.98,-26.59,-17.13,179.12
00:55.7,2197.48,-29.06,-17.55,180.71
00:55.7,2200,-31.54,-17.98,182.3
00:55.7,2202.55,-34.05,-18.41,183.9
00:55.8,2205.11,-36.57,-18.84,185.48
00:55.8,2207.7,-39.12,-19.28,187.02
00:55.9,2210.31,-41.7,-19.72,188.52
00:56.0,2212.94,-44.29,-20.16,190
00:56.0,2215.58,-46.9,-20.61,191.45
00:56.0,2218.25,-49.53,-21.06,192.9
00:56.1,2220.94,-52.18,-21.51,194.36
00:56.1,2223.65,-54.85,-21.97,195.81
00:56.2,2226.38,-57.54,-22.44,197.23
00:56.3,2229.13,-60.25,-22.91,198.62
00:56.3,2231.9,-62.97,-23.39,200
00:56.4,2234.69,-65.72,-23.88,201.36
00:56.4,2237.49,-68.48,-24.37,202.7
00:56.5,2240.31,-71.26,-24.87,204.03
00:56.5,2243.16,-74.06,-25.37,205.37
00:56.5,2246.02,-76.88,-25.87,206.7
00:56.6,2248.9,-79.71,-26.37,207.99
00:56.7,2251.8,-82.56,-26.88,209.25
00:56.7,2254.71,-85.43,-27.39,210.45
00:56.8,2257.64,-88.32,-27.9,211.68
00:56.8,2260.59,-91.22,-28.42,212.93
00:56.8,2263.56,-94.14,-28.93,213.52
00:56.9,2266.51,-97.05,-29.45,212.1
00:57.0,2269.44,-99.94,-29.96,209.21
00:57.0,2272.32,-102.77,-30.46,206.01
00:57.1,2275.16,-105.57,-30.96,202.75
00:57.1,2277.95,-108.32,-31.45,199.32
00:57.2,2280.7,-111.02,-31.93,195.73
00:57.2,2283.39,-113.67,-32.4,192.25
00:57.2,2286.04,-116.28,-32.86,188.89
00:57.3,2288.64,-118.84,-33.32,185.51
00:57.3,2291.19,-121.35,-33.77,182.22
00:57.4,2293.7,-123.82,-34.21,179.13
00:57.4,2296.17,-126.25,-34.65,175.98
00:57.5,2298.58,-128.63,-35.08,172.38
00:57.5,2300.96,-130.96,-35.51,168.99
00:57.6,2303.28,-133.25,-35.94,165.86
00:57.6,2305.56,-135.49,-36.38,162.86
00:57.7,2307.81,-137.68,-36.83,160.11
00:57.8,2310.01,-139.84,-37.29,157.56
00:57.8,2312.18,-141.96,-37.77,155.05
00:57.9,2314.32,-144.03,-38.28,152.64
00:57.9,2316.42,-146.07,-38.83,150.53
00:58.0,2318.5,-148.06,-39.41,148.76
00:58.0,2320.55,-150.02,-40.03,147.23
00:58.0,2322.58,-151.95,-40.68,145.87
00:58.1,2324.6,-153.85,-41.36,144.57
00:58.1,2326.6,-155.72,-42.07,143.2
00:58.2,2328.57,-157.55,-42.81,141.73
00:58.2,2330.53,-159.35,-43.58,140.24
00:58.3,2332.47,-161.12,-44.38,138.82
00:58.3,2334.39,-162.85,-45.2,137.51
00:58.4,2336.29,-164.55,-46.06,136.25
00:58.5,2338.17,-166.21,-46.94,135.01
00:58.5,2340.03,-167.84,-47.85,133.81
00:58.6,2341.88,-169.44,-48.79,132.66
00:58.6,2343.72,-171,-49.75,131.5
00:58.7,2345.53,-172.52,-50.75,130.47
00:58.7,2347.34,-174,-51.79,129.72
00:58.7,2349.14,-175.44,-52.85,129.19
00:58.8,2350.93,-176.85,-53.96,128.71
00:58.8,2352.71,-178.23,-55.09,128.29
00:58.9,2354.49,-179.58,-56.25,127.87
00:59.0,2356.26,-180.9,-57.44,127.56
00:59.0,2358.03,-182.19,-58.65,127.49
00:59.1,2359.8,-183.44,-59.9,127.55
00:59.1,2361.57,-184.67,-61.18,127.62
00:59.1,2363.34,-185.86,-62.49,127.71
00:59.2,2365.11,-187.03,-63.83,127.58
00:59.2,2366.89,-188.16,-65.19,127.26
00:59.3,2368.65,-189.25,-66.57,126.85
00:59.3,2370.41,-190.31,-67.98,126.44
00:59.4,2372.16,-191.33,-69.41,126.1
00:59.5,2373.91,-192.32,-70.85,126.01
00:59.5,2375.66,-193.27,-72.32,126.16
00:59.5,2377.41,-194.2,-73.81,126.58
00:59.6,2379.17,-195.09,-75.33,127.28
00:59.6,2380.94,-195.95,-76.88,128.28
00:59.7,2382.73,-196.79,-78.46,129.55
00:59.8,2384.54,-197.6,-80.08,130.96
00:59.8,2386.37,-198.4,-81.72,132.48
00:59.9,2388.22,-199.17,-83.41,134.05
00:59.9,2390.09,-199.92,-85.12,135.77
01:00.0,2391.99,-200.64,-86.88,137.63
01:00.0,2393.92,-201.35,-88.67,139.54
01:00.0,2395.87,-202.04,-90.49,141.46
01:00.1,2397.85,-202.72,-92.35,143.39
01:00.2,2399.85,-203.39,-94.24,145.36
01:00.2,2401.89,-204.04,-96.17,147.29
01:00.3,2403.94,-204.65,-98.13,149.04
01:00.3,2406.02,-205.23,-100.13,150.93
01:00.3,2408.13,-205.78,-102.17,152.91
01:00.4,2410.27,-206.32,-104.24,154.86
01:00.4,2412.44,-206.84,-106.34,156.77
01:00.5,2414.63,-207.35,-108.47,158.65
01:00.6,2416.84,-207.84,-110.63,160.48
01:00.6,2419.08,-208.33,-112.81,162.28
01:00.7,2421.35,-208.8,-115.03,164.08
01:00.7,2423.64,-209.25,-117.28,165.85
01:00.7,2425.96,-209.67,-119.56,167.58
01:00.8,2428.3,-210.06,-121.86,169.22
01:00.8,2430.65,-210.42,-124.19,170.6
01:00.9,2433.03,-210.75,-126.55,171.86
01:01.0,2435.43,-211.04,-128.93,173
01:01.0,2437.84,-211.3,-131.32,173.94
01:01.0,2440.25,-211.5,-133.73,174.68
01:01.1,2442.68,-211.66,-136.16,175.38
01:01.1,2445.12,-211.77,-138.6,176.12
01:01.2,2447.58,-211.83,-141.05,176.89
01:01.3,2450.04,-211.85,-143.51,177.67
01:01.3,2452.51,-211.82,-145.98,178.46
01:01.4,2454.99,-211.76,-148.47,179.24
01:01.4,2457.49,-211.65,-150.96,180
01:01.4,2459.99,-211.5,-153.46,180.71
01:01.5,2462.5,-211.3,-155.97,181.36
01:01.5,2465.02,-211.05,-158.48,181.98
01:01.6,2467.55,-210.75,-160.99,182.59
01:01.7,2470.09,-210.4,-163.51,183.17
01:01.7,2472.64,-210.01,-166.02,183.71
01:01.8,2475.19,-209.56,-168.54,184.19
01:01.8,2477.75,-209.07,-171.05,184.58
01:01.8,2480.32,-208.52,-173.56,184.91
01:01.9,2482.89,-207.94,-176.06,185.19
01:01.9,2485.46,-207.3,-178.56,185.38
01:02.0,2488.03,-206.62,-181.04,185.52
01:02.1,2490.61,-205.89,-183.51,185.64
01:02.1,2493.19,-205.12,-185.97,185.8
01:02.1,2495.77,-204.29,-188.42,185.91
01:02.2,2498.35,-203.42,-190.85,185.94
01:02.2,2500.93,-202.49,-193.26,186.03
01:02.3,2503.52,-201.52,-195.65,186.23
01:02.4,2506.1,-200.51,-198.04,186.46
01:02.4,2508.69,-199.46,-200.4,186.68
01:02.5,2511.29,-198.35,-202.75,186.88
01:02.5,2513.88,-197.2,-205.08,187.25
01:02.5,2516.49,-195.99,-207.39,187.65
01:02.6,2519.1,-194.74,-209.67,188.15
01:02.6,2521.71,-193.43,-211.94,188.75
01:02.7,2524.34,-192.09,-214.2,189.41
01:02.8,2526.97,-190.71,-216.44,190.13
01:02.8,2529.62,-189.3,-218.69,190.9
01:02.9,2532.27,-187.88,-220.93,191.68
01:02.9,2534.94,-186.44,-223.18,192.45
01:03.0,2537.62,-184.99,-225.43,193.07
01:03.0,2540.3,-183.54,-227.68,193.36
01:03.0,2542.99,-182.1,-229.95,193.63
01:03.1,2545.68,-180.68,-232.24,193.86
01:03.2,2548.37,-179.29,-234.54,194.14
01:03.2,2551.07,-177.93,-236.87,194.42
01:03.2,2553.77,-176.61,-239.23,194.71
01:03.3,2556.48,-175.32,-241.61,194.94
01:03.3,2559.19,-174.05,-244.01,195.44
01:03.4,2561.91,-172.79,-246.42,195.99
01:03.5,2564.63,-171.55,-248.84,196.68
01:03.5,2567.37,-170.32,-251.29,197.34
01:03.6,2570.11,-169.13,-253.76,197.91
01:03.6,2572.86,-167.98,-256.26,198.48
01:03.6,2575.62,-166.88,-258.79,199.08
01:03.7,2578.39,-165.8,-261.34,199.17
01:03.8,2581.14,-164.77,-263.9,197.41
01:03.8,2583.86,-163.77,-266.43,194.6
01:03.8,2586.54,-162.82,-268.94,191.48
01:03.9,2589.18,-161.92,-271.42,188.32
01:04.0,2591.77,-161.05,-273.86,185.09
01:04.0,2594.32,-160.23,-276.27,181.8
01:04.0,2596.82,-159.46,-278.65,178.43
01:04.1,2599.27,-158.74,-281,175.06
01:04.2,2601.68,-158.07,-283.31,171.85
01:04.2,2604.04,-157.45,-285.6,168.85
01:04.3,2606.37,-156.87,-287.85,166.06
01:04.3,2608.66,-156.33,-290.07,163.45
01:04.3,2610.91,-155.81,-292.26,160.44
01:04.4,2613.11,-155.32,-294.41,157.32
01:04.4,2615.28,-154.85,-296.53,154.33
01:04.5,2617.4,-154.39,-298.6,151.41
01:04.6,2619.49,-153.96,-300.64,148.57
01:04.6,2621.53,-153.55,-302.64,146
01:04.7,2623.54,-153.17,-304.61,143.25
01:04.7,2625.51,-152.83,-306.55,140.49
01:04.8,2627.44,-152.52,-308.46,137.81
01:04.8,2629.34,-152.25,-310.34,135.27
01:04.8,2631.2,-152.02,-312.19,132.89
01:04.9,2633.03,-151.81,-314,130.64
01:04.9,2634.83,-151.63,-315.79,128.26
01:05.0,2636.59,-151.48,-317.55,125.89
01:05.0,2638.32,-151.35,-319.28,123.64
01:05.1,2640.03,-151.27,-320.98,121.78
01:05.2,2641.71,-151.21,-322.66,120.31
01:05.2,2643.37,-151.18,-324.32,119.11
01:05.3,2645.01,-151.17,-325.97,118.03
01:05.3,2646.65,-151.19,-327.6,117.03
01:05.3,2648.27,-151.23,-329.22,116.17
01:05.4,2649.87,-151.31,-330.83,115.4
01:05.5,2651.47,-151.41,-332.42,114.65
01:05.5,2653.06,-151.55,-334,113.98
01:05.5,2654.64,-151.72,-335.57,113.55
01:05.6,2656.21,-151.92,-337.13,113.24
01:05.7,2657.78,-152.16,-338.69,113
01:05.7,2659.35,-152.44,-340.23,112.85
01:05.7,2660.91,-152.75,-341.77,112.77
01:05.8,2662.47,-153.1,-343.29,112.76
01:05.8,2664.04,-153.48,-344.81,112.74
01:05.9,2665.61,-153.91,-346.32,112.71
01:06.0,2667.17,-154.37,-347.81,112.71
01:06.0,2668.73,-154.87,-349.3,112.77
01:06.0,2670.3,-155.41,-350.77,112.82
01:06.1,2671.87,-155.98,-352.23,112.86
01:06.1,2673.44,-156.59,-353.67,112.84
01:06.2,2675,-157.22,-355.1,112.36
01:06.2,2676.55,-157.87,-356.52,111.39
01:06.3,2678.09,-158.52,-357.91,110.14
01:06.4,2679.61,-159.17,-359.28,108.84
01:06.4,2681.12,-159.8,-360.65,107.58
01:06.5,2682.6,-160.39,-362.01,106.48
01:06.5,2684.08,-160.94,-363.38,105.65
01:06.5,2685.54,-161.46,-364.75,105.04
01:06.6,2686.99,-161.94,-366.12,104.6
01:06.7,2688.44,-162.38,-367.5,104.13
01:06.7,2689.88,-162.77,-368.89,103.68
01:06.7,2691.32,-163.13,-370.28,103.34
01:06.8,2692.74,-163.46,-371.68,103.08
01:06.8,2694.17,-163.77,-373.07,102.82
01:06.9,2695.6,-164.04,-374.48,102.8
01:07.0,2697.02,-164.27,-375.88,102.62
01:07.0,2698.45,-164.45,-377.3,102.6
01:07.1,2699.87,-164.57,-378.72,102.72
01:07.1,2701.3,-164.65,-380.14,103.1
01:07.2,2702.74,-164.7,-381.58,103.76
01:07.2,2704.18,-164.73,-383.03,104.62
01:07.2,2705.64,-164.72,-384.48,105.57
01:07.3,2707.12,-164.68,-385.96,106.51
01:07.3,2708.6,-164.6,-387.44,107.42
01:07.4,2710.1,-164.48,-388.93,108.32
01:07.5,2711.61,-164.32,-390.44,109.19
01:07.5,2713.13,-164.12,-391.94,110.06
01:07.5,2714.66,-163.89,-393.46,110.92
01:07.6,2716.21,-163.61,-394.98,111.86
01:07.6,2717.77,-163.29,-396.51,112.92
01:07.7,2719.35,-162.92,-398.04,114.1
01:07.8,2720.94,-162.51,-399.58,115.43
01:07.8,2722.55,-162.06,-401.13,116.84
01:07.8,2724.19,-161.56,-402.69,118.53
01:07.9,2725.85,-161.03,-404.26,120.49
01:07.9,2727.53,-160.47,-405.85,122.59
01:08.0,2729.25,-159.87,-407.46,124.82
01:08.0,2731,-159.26,-409.1,127.12
01:08.1,2732.78,-158.61,-410.76,129.38
01:08.2,2734.6,-157.93,-412.44,131.6
01:08.2,2736.44,-157.22,-414.14,133.79
01:08.3,2738.31,-156.46,-415.85,135.93
01:08.3,2740.21,-155.67,-417.58,138.01
01:08.3,2742.14,-154.85,-419.33,140.1
01:08.4,2744.1,-153.98,-421.09,142.17
01:08.5,2746.09,-153.07,-422.86,144.17
01:08.5,2748.11,-152.13,-424.64,146.12
01:08.5,2750.15,-151.14,-426.42,148
01:08.6,2752.22,-150.1,-428.22,149.8
01:08.7,2754.31,-149.02,-430.01,151.64
01:08.7,2756.43,-147.9,-431.8,153.49
01:08.7,2758.57,-146.73,-433.6,155.21
01:08.8,2760.74,-145.51,-435.39,156.92
01:08.8,2762.93,-144.25,-437.18,158.58
01:08.9,2765.14,-142.94,-438.97,160.24
01:09.0,2767.38,-141.6,-440.76,161.9
01:09.0,2769.64,-140.21,-442.55,163.55
01:09.0,2771.92,-138.79,-444.33,165.16
01:09.1,2774.22,-137.31,-446.1,166.76
01:09.1,2776.55,-135.79,-447.85,168.35
01:09.2,2778.9,-134.22,-449.6,169.91
01:09.3,2781.27,-132.61,-451.34,171.52
01:09.3,2783.66,-130.95,-453.07,173.12
01:09.3,2786.08,-129.26,-454.8,174.71
01:09.4,2788.51,-127.53,-456.51,176.27
01:09.4,2790.97,-125.76,-458.21,177.79
01:09.5,2793.45,-123.94,-459.9,179.15
01:09.6,2795.94,-122.08,-461.57,179.34
01:09.6,2798.41,-120.21,-463.19,176.83
01:09.7,2800.84,-118.36,-464.76,173.42
01:09.7,2803.23,-116.52,-466.28,169.84
01:09.8,2805.56,-114.71,-467.75,166.26
01:09.8,2807.84,-112.91,-469.16,162.68
01:09.9,2810.08,-111.14,-470.53,159.27
01:09.9,2812.27,-109.4,-471.86,156.02
01:10.0,2814.41,-107.68,-473.14,152.75
01:10.0,2816.51,-105.98,-474.37,149.54
01:10.0,2818.56,-104.31,-475.56,146.29
01:10.1,2820.57,-102.64,-476.69,143.19
01:10.2,2822.54,-101,-477.77,140.49
01:10.2,2824.47,-99.36,-478.8,137.86
01:10.2,2826.37,-97.75,-479.8,135.31
01:10.3,2828.23,-96.16,-480.76,132.45
01:10.4,2830.05,-94.6,-481.69,129.13
01:10.4,2831.82,-93.08,-482.6,125.92
01:10.5,2833.55,-91.59,-483.48,122.66
01:10.5,2835.23,-90.14,-484.33,119.3
01:10.5,2836.86,-88.73,-485.15,115.97
01:10.6,2838.45,-87.35,-485.94,112.74
01:10.7,2839.99,-86.01,-486.7,109.49
01:10.7,2841.49,-84.71,-487.44,106.25
01:10.7,2842.95,-83.44,-488.15,103.12
01:10.8,2844.36,-82.21,-488.85,100.12
01:10.8,2845.73,-81.02,-489.52,97.24
01:10.9,2847.06,-79.86,-490.18,94.49
01:11.0,2848.35,-78.74,-490.82,91.76
01:11.0,2849.61,-77.65,-491.45,89.02
01:11.1,2850.83,-76.6,-492.06,86.41
01:11.1,2852.01,-75.58,-492.67,84.02
01:11.2,2853.17,-74.6,-493.28,81.98
01:11.2,2854.29,-73.66,-493.89,80.2
01:11.2,2855.39,-72.73,-494.49,78.53
01:11.3,2856.47,-71.84,-495.1,77.01
01:11.3,2857.54,-70.98,-495.72,75.69
01:11.4,2858.58,-70.14,-496.34,74.66
01:11.5,2859.61,-69.34,-496.98,73.76
01:11.5,2860.63,-68.56,-497.64,72.77
01:11.5,2861.63,-67.81,-498.3,71.66
01:11.6,2862.62,-67.1,-498.99,70.44
01:11.7,2863.59,-66.42,-499.68,69.15
01:11.7,2864.54,-65.77,-500.38,67.8
01:11.8,2865.48,-65.16,-501.08,66.44
01:11.8,2866.39,-64.59,-501.79,65.16
01:11.8,2867.29,-64.06,-502.51,63.88
01:11.9,2868.17,-63.56,-503.24,62.51
01:11.9,2869.03,-63.1,-503.96,61.1
01:12.0,2869.87,-62.68,-504.69,59.72
01:12.0,2870.69,-62.29,-505.41,58.37
01:12.1,2871.5,-61.94,-506.13,57.06
01:12.2,2872.29,-61.63,-506.85,55.82
01:12.2,2873.06,-61.35,-507.56,54.67
01:12.3,2873.82,-61.11,-508.28,53.65
01:12.3,2874.56,-60.91,-508.99,52.76
01:12.3,2875.3,-60.74,-509.69,51.93
01:12.4,2876.02,-60.6,-510.4,51.15
01:12.5,2876.73,-60.5,-511.09,50.42
01:12.5,2877.44,-60.44,-511.79,49.85
01:12.5,2878.13,-60.41,-512.47,49.38
01:12.6,2878.82,-60.41,-513.16,48.92
01:12.6,2879.51,-60.45,-513.83,48.46
01:12.7,2880.19,-60.52,-514.5,48.01
01:12.8,2880.86,-60.62,-515.15,47.63
01:12.8,2881.53,-60.76,-515.8,47.58
01:12.8,2882.21,-60.93,-516.44,47.85
01:12.9,2882.88,-61.14,-517.07,48.39
01:12.9,2883.57,-61.37,-517.71,49.18
01:13.0,2884.27,-61.64,-518.34,50.08
01:13.0,2884.98,-61.93,-518.98,51.04
01:13.1,2885.7,-62.27,-519.61,52
01:13.2,2886.44,-62.63,-520.24,53.01
01:13.2,2887.19,-63.03,-520.87,54.11
01:13.3,2887.96,-63.46,-521.5,55.34
01:13.3,2888.74,-63.92,-522.12,56.75
01:13.3,2889.54,-64.42,-522.74,58.3
01:13.4,2890.37,-64.96,-523.37,60.05
01:13.5,2891.22,-65.53,-523.99,61.87
01:13.5,2892.09,-66.13,-524.62,63.65
01:13.5,2892.99,-66.77,-525.24,65.35
01:13.6,2893.91,-67.45,-525.86,66.95
01:13.7,2894.86,-68.16,-526.47,68.46
01:13.7,2895.82,-68.91,-527.07,69.88
01:13.7,2896.8,-69.69,-527.66,71.3
01:13.8,2897.8,-70.51,-528.23,72.67
01:13.9,2898.82,-71.37,-528.79,74.06
01:13.9,2899.86,-72.26,-529.32,75.52
01:14.0,2900.92,-73.18,-529.84,77.14
01:14.0,2902.01,-74.14,-530.33,78.86
01:14.1,2903.11,-75.14,-530.82,80.74
01:14.1,2904.25,-76.17,-531.29,82.8
01:14.2,2905.41,-77.24,-531.76,84.97
01:14.2,2906.61,-78.34,-532.22,87.2
01:14.2,2907.84,-79.47,-532.69,89.45
01:14.3,2909.1,-80.63,-533.17,91.72
01:14.3,2910.39,-81.83,-533.64,94.02
01:14.4,2911.71,-83.06,-534.11,96.35
01:14.5,2913.06,-84.33,-534.59,98.68
01:14.5,2914.45,-85.63,-535.06,100.99
01:14.6,2915.87,-86.97,-535.53,103.35
01:14.6,2917.32,-88.34,-536,105.79
01:14.7,2918.81,-89.76,-536.45,108.24
01:14.7,2920.33,-91.21,-536.89,110.56
01:14.7,2921.87,-92.69,-537.32,111.42
01:14.8,2923.41,-94.17,-537.73,110
01:14.8,2924.92,-95.63,-538.11,107.85
01:14.9,2926.4,-97.07,-538.48,105.58
01:15.0,2927.85,-98.47,-538.82,103.41
01:15.0,2929.27,-99.85,-539.15,101.06
01:15.0,2930.66,-101.2,-539.45,98.43
01:15.1,2932.01,-102.53,-539.72,96.08
01:15.2,2933.33,-103.82,-539.96,94.08
01:15.2,2934.63,-105.1,-540.18,92.45
01:15.2,2935.9,-106.35,-540.37,91.12
01:15.3,2937.16,-107.6,-540.55,89.83
01:15.3,2938.4,-108.82,-540.7,88.52
01:15.4,2939.61,-110.04,-540.82,87.2
01:15.4,2940.82,-111.23,-540.92,86.04
01:15.5,2942.01,-112.42,-540.97,85.12
01:15.5,2943.18,-113.59,-541,84.12
01:15.6,2944.34,-114.75,-540.98,82.88
01:15.7,2945.48,-115.89,-540.94,81.41
01:15.7,2946.6,-117.01,-540.86,80.05
01:15.8,2947.71,-118.1,-540.75,78.89
01:15.8,2948.8,-119.18,-540.61,77.78
01:15.8,2949.87,-120.24,-540.45,76.61
01:15.9,2950.92,-121.28,-540.25,75.37
01:15.9,2951.96,-122.29,-540.02,74.18
01:16.0,2952.98,-123.28,-539.76,73.06
01:16.0,2953.99,-124.24,-539.48,72.02
01:16.1,2954.99,-125.19,-539.17,71.09
01:16.2,2955.97,-126.11,-538.84,70.32
01:16.2,2956.94,-127.01,-538.48,69.73
01:16.2,2957.91,-127.9,-538.09,69.27
01:16.3,2958.86,-128.76,-537.67,68.83
01:16.4,2959.82,-129.6,-537.23,68.41
01:16.4,2960.77,-130.43,-536.76,67.98
01:16.5,2961.71,-131.23,-536.26,67.56
01:16.5,2962.64,-132,-535.74,67.15
01:16.5,2963.58,-132.75,-535.19,67.08
01:16.6,2964.52,-133.49,-534.61,67.74
01:16.6,2965.46,-134.21,-534,68.66
01:16.7,2966.42,-134.93,-533.36,69.78
01:16.8,2967.4,-135.64,-532.69,70.94
01:16.8,2968.39,-136.34,-531.99,72.07
01:16.8,2969.4,-137.04,-531.26,73.21
01:16.9,2970.43,-137.72,-530.5,74.44
01:16.9,2971.47,-138.4,-529.71,75.81
01:17.0,2972.53,-139.07,-528.89,77.3
01:17.0,2973.61,-139.73,-528.03,78.94
01:17.1,2974.72,-140.38,-527.13,80.8
01:17.2,2975.86,-141.01,-526.18,82.85
01:17.2,2977.03,-141.63,-525.2,85.04
01:17.3,2978.22,-142.24,-524.18,87.32
01:17.3,2979.45,-142.85,-523.11,89.68
01:17.3,2980.71,-143.46,-522,92.19
01:17.4,2982.02,-144.06,-520.86,94.93
01:17.5,2983.36,-144.67,-519.66,97.74
01:17.5,2984.74,-145.27,-518.43,100.53
01:17.6,2986.15,-145.87,-517.15,103.25
01:17.6,2987.61,-146.47,-515.82,105.97
01:17.7,2989.1,-147.07,-514.46,108.64
01:17.7,2990.63,-147.67,-513.06,111.28
01:17.7,2992.19,-148.29,-511.62,113.87
01:17.8,2993.79,-148.91,-510.15,116.42
01:17.8,2995.42,-149.54,-508.64,118.93
01:17.9,2997.09,-150.18,-507.1,121.34
01:18.0,2998.79,-150.83,-505.53,123.59
01:18.0,3000.52,-151.5,-503.93,125.66
01:18.0,3002.29,-152.2,-502.31,127.99
01:18.1,3004.08,-152.93,-500.68,130.14
01:18.2,3005.9,-153.69,-499.02,132.25
01:18.2,3007.75,-154.48,-497.35,134.37
01:18.3,3009.63,-155.3,-495.65,136.41
01:18.3,3011.54,-156.14,-493.94,138.58
01:18.3,3013.48,-157,-492.2,140.81
01:18.4,3015.45,-157.89,-490.44,143.03
01:18.5,3017.45,-158.8,-488.66,145.19
01:18.5,3019.49,-159.74,-486.86,147.3
01:18.5,3021.54,-160.7,-485.04,149.37
01:18.6,3023.63,-161.67,-483.19,151.41
01:18.7,3025.75,-162.67,-481.32,153.39
01:18.7,3027.9,-163.68,-479.43,155.37
01:18.7,3030.06,-164.71,-477.52,157.33
01:18.8,3032.27,-165.76,-475.59,159.26
01:18.8,3034.49,-166.82,-473.63,161.16
01:18.9,3036.74,-167.91,-471.66,163.03
01:19.0,3039.02,-169.01,-469.67,164.85
01:19.0,3041.32,-170.13,-467.66,166.64
01:19.1,3043.65,-171.26,-465.63,168.43
01:19.1,3046,-172.4,-463.57,170.22
01:19.2,3048.38,-173.55,-461.49,171.95
01:19.2,3050.78,-174.71,-459.38,173.65
01:19.3,3053.2,-175.86,-457.25,175.35
01:19.3,3055.65,-177.02,-455.1,176.99
01:19.3,3058.12,-178.18,-452.92,178.62
01:19.4,3060.61,-179.35,-450.72,180.23
01:19.5,3063.12,-180.51,-448.49,181.78
01:19.5,3065.66,-181.68,-446.24,183.38
01:19.6,3068.21,-182.84,-443.96,184.96
01:19.6,3070.79,-183.99,-441.65,186.52
01:19.7,3073.39,-185.14,-439.32,188.04
01:19.7,3076.02,-186.29,-436.96,189.53
01:19.8,3078.66,-187.43,-434.58,191.04
01:19.8,3081.32,-188.57,-432.17,192.54
01:19.8,3084.01,-189.7,-429.74,193.99
01:19.9,3086.71,-190.83,-427.28,195.37
01:20.0,3089.44,-191.95,-424.8,196.76
01:20.0,3092.18,-193.08,-422.3,198.11
01:20.0,3094.94,-194.2,-419.78,199.52
01:20.1,3097.72,-195.33,-417.23,200.91
01:20.1,3100.52,-196.45,-414.67,202.25
01:20.2,3103.34,-197.57,-412.08,203.57
01:20.3,3106.17,-198.68,-409.47,204.93
01:20.3,3109.03,-199.78,-406.84,206.23
01:20.3,3111.9,-200.88,-404.18,207.52
01:20.4,3114.8,-201.97,-401.5,208.79
01:20.4,3117.7,-203.05,-398.81,209.97
01:20.5,3120.63,-204.14,-396.09,211.17
01:20.5,3123.57,-205.23,-393.36,212.41
01:20.6,3126.53,-206.31,-390.6,213.72
01:20.7,3129.5,-207.38,-387.83,214.95
01:20.7,3132.5,-208.43,-385.02,216.14
01:20.8,3135.51,-209.47,-382.2,217.33
01:20.8,3138.54,-210.5,-379.35,218.49
01:20.8,3141.58,-211.54,-376.49,219.65
01:20.9,3144.64,-212.57,-373.61,220.81
01:21.0,3147.71,-213.59,-370.71,221.96
01:21.0,3150.8,-214.6,-367.79,223.1
01:21.1,3153.91,-215.61,-364.85,224.22
01:21.1,3157.03,-216.6,-361.89,225.33
01:21.2,3160.17,-217.59,-358.92,226.41
01:21.2,3163.32,-218.58,-355.92,227.47
01:21.2,3166.48,-219.56,-352.91,228.54
01:21.3,3169.67,-220.53,-349.88,229.64
01:21.3,3172.86,-221.49,-346.83,230.71
01:21.4,3176.08,-222.45,-343.77,231.76
01:21.5,3179.3,-223.39,-340.68,232.8
01:21.5,3182.54,-224.34,-337.58,233.81
01:21.5,3185.8,-225.28,-334.47,234.82
01:21.6,3189.06,-226.21,-331.34,235.82
01:21.6,3192.35,-227.14,-328.19,236.82
01:21.7,3195.64,-228.06,-325.02,237.82
01:21.8,3198.95,-228.96,-321.84,238.79
01:21.8,3202.28,-229.85,-318.63,239.75
01:21.8,3205.61,-230.71,-315.41,240.68
01:21.9,3208.96,-231.57,-312.18,241.56
01:22.0,3212.32,-232.41,-308.92,242.45
01:22.0,3215.69,-233.25,-305.65,243.4
01:22.0,3219.08,-234.06,-302.37,244.34
01:22.1,3222.48,-234.86,-299.06,245.24
01:22.2,3225.89,-235.63,-295.74,246.15
01:22.2,3229.32,-236.39,-292.4,247.04
01:22.2,3232.76,-237.14,-289.04,247.93
01:22.3,3236.21,-237.88,-285.67,248.82
01:22.3,3239.67,-238.6,-282.29,249.68
01:22.4,3243.14,-239.3,-278.88,250.54
01:22.5,3246.63,-240,-275.47,251.4
01:22.5,3250.13,-240.68,-272.04,252.24
01:22.6,3253.63,-241.35,-268.6,253.09
01:22.6,3257.16,-242.01,-265.14,253.92
01:22.7,3260.69,-242.66,-261.66,254.74
01:22.7,3264.23,-243.29,-258.18,255.56
01:22.7,3267.79,-243.9,-254.68,256.37
