,sLapDistance,xCarX,xCarY,aYaw,vCar
00:00.1,2.94,400.13,25.43,1.28,187.79
00:00.1,5.6,398,25.39,1.33,187.494
00:00.2,8.28,393.71,25.29,1.42,189.798
00:00.2,10.96,392.64,25.27,1.47,191.788
00:00.3,13.66,389.4,25.19,1.69,193.118
00:00.3,16.37,386.69,25.12,1.86,194.427
00:00.4,19.1,384.51,25.06,1.93,193.555
00:00.4,21.29,380.12,24.93,1.94,193.805
00:00.5,25.14,379.01,24.89,1.93,195.135
00:00.5,27.36,375.69,24.79,1.9,197.171
00:00.6,30.14,372.92,24.7,1.89,198.218
00:00.6,32.93,370.68,24.63,1.89,198.337
00:00.7,35.73,366.19,24.48,1.9,198.563
00:00.7,38.55,365.06,24.44,1.91,199.631
00:00.8,41.38,361.67,24.33,1.93,201.01
00:00.8,44.22,358.83,24.23,1.96,202.289
00:00.9,47.07,356.55,24.16,1.97,201.349
00:00.9,49.37,351.96,24,1.92,201.44
00:01.0,53.39,350.81,23.96,1.91,203.754
00:01.0,55.7,347.35,23.85,1.88,205.17
00:01.1,58.59,344.46,23.75,1.86,206.409
00:01.1,61.49,342.14,23.67,1.84,207.745
00:01.2,64.41,337.47,23.52,1.83,208.957
00:01.2,67.34,336.29,23.48,1.84,207.635
00:01.3,70.28,332.77,23.37,1.85,209.207
00:01.3,73.23,329.82,23.27,1.86,209.415
00:01.4,76.19,327.45,23.19,1.86,209.281
00:01.4,78.57,322.69,23.04,1.86,211.353
00:01.5,82.75,321.49,23,1.86,211.593
00:01.5,85.14,317.9,22.88,1.84,211.759
00:01.6,88.15,314.89,22.78,1.82,213.098
00:01.6,91.16,312.48,22.71,1.8,213.652
00:01.7,94.19,307.64,22.55,1.79,213.703
00:01.7,97.23,306.42,22.51,1.78,214.984
00:01.8,100.28,302.76,22.4,1.77,215.943
00:01.8,103.33,299.71,22.3,1.78,216.849
00:01.9,106.4,297.25,22.22,1.84,218.158
00:01.9,108.86,292.33,22.07,1.99,218.433
00:02.0,113.18,291.09,22.02,2.02,218.347
00:02.0,115.67,287.37,21.9,2.1,218.83
00:02.0,118.78,284.26,21.79,2.12,219.29
00:02.1,121.9,281.77,21.7,2.1,220.526
00:02.2,125.03,276.76,21.52,2.06,221.43
00:02.2,128.16,275.5,21.47,2.04,222.385
00:02.3,131.31,271.72,21.34,2.02,222.95
00:02.3,134.47,268.56,21.22,2.02,223.59
00:02.4,137.64,266.03,21.13,2.07,224.173
00:02.4,140.18,260.94,20.95,2.18,224.918
00:02.5,144.65,259.67,20.9,2.2,225.614
00:02.5,147.21,255.83,20.75,2.24,225.901
00:02.6,150.42,252.62,20.63,2.27,226.816
00:02.6,153.64,250.05,20.53,2.28,226.712
00:02.7,156.86,244.88,20.33,2.31,227.262
00:02.7,160.1,243.59,20.28,2.32,228.45
00:02.8,163.34,239.7,20.12,2.36,229.572
00:02.8,166.6,236.44,19.99,2.39,229.523
00:02.9,169.86,233.83,19.88,2.4,230.234
00:02.9,172.48,228.6,19.67,2.45,231.513
00:03.0,177.08,227.28,19.61,2.46,232.096
00:03.0,179.71,223.34,19.45,2.5,231.819
00:03.1,183.01,220.04,19.3,2.53,233.223
00:03.1,186.32,217.39,19.19,2.54,233.063
00:03.2,189.63,212.1,18.96,2.56,232.795
00:03.2,192.94,210.77,18.9,2.56,233.671
00:03.3,196.25,206.81,18.72,2.59,233.701
00:03.3,199.55,203.51,18.58,2.6,233.744
00:03.4,202.85,200.88,18.46,2.61,233.805
00:03.4,205.48,195.62,18.22,2.6,233.845
00:03.5,210.08,194.31,18.16,2.6,233.838
00:03.5,212.71,190.37,17.98,2.61,233.829
00:03.6,215.99,187.1,17.83,2.59,233.866
00:03.6,219.26,184.48,17.71,2.55,233.884
00:03.7,222.53,179.26,17.47,2.45,233.582
00:03.7,225.8,177.95,17.42,2.42,233.304
00:03.8,229.06,174.04,17.25,2.34,232.517
00:03.8,232.31,170.79,17.11,2.29,231.962
00:03.9,235.56,168.19,17,2.22,232.004
00:03.9,238.16,163,16.79,2.16,231.931
00:04.0,242.7,161.71,16.74,2.18,231.931
00:04.0,245.29,157.83,16.58,2.25,231.669
00:04.0,248.53,154.6,16.45,2.29,231.138
00:04.1,251.76,152.01,16.35,2.32,230.61
00:04.2,254.98,146.86,16.14,2.35,230.037
00:04.2,258.2,145.57,16.09,2.35,230.042
00:04.3,261.42,141.72,15.94,2.35,229.825
00:04.3,264.63,138.51,15.81,2.35,229.67
00:04.4,267.84,135.94,15.7,2.35,229.078
00:04.4,270.4,130.83,15.49,2.36,228.669
00:04.5,274.88,129.55,15.44,2.37,228.708
00:04.5,277.44,125.72,15.28,2.41,228.547
00:04.6,280.63,122.53,15.15,2.42,228.122
00:04.6,283.81,119.98,15.05,2.42,227.79
00:04.7,287,114.9,14.83,2.4,227.417
00:04.7,290.18,113.63,14.78,2.4,226.899
00:04.8,293.35,109.82,14.62,2.41,226.664
00:04.8,296.52,106.66,14.49,2.43,226.493
00:04.9,299.68,104.13,14.38,2.46,226.395
00:04.9,302.21,99.07,14.17,2.58,226.126
00:05.0,306.64,97.81,14.11,2.6,225.782
00:05.0,309.16,94.03,13.94,2.66,225.537
00:05.1,312.31,90.89,13.8,2.69,225.168
00:05.1,315.45,88.38,13.68,2.66,224.802
00:05.2,318.59,83.36,13.46,2.56,224.5
00:05.2,321.73,82.11,13.4,2.54,224.268
00:05.2,324.86,78.35,13.23,2.48,223.908
00:05.3,327.99,75.23,13.09,2.42,223.499
00:05.3,331.11,72.73,12.98,2.39,223.355
00:05.4,333.61,67.74,12.77,2.35,223.336
00:05.5,337.97,66.5,12.71,2.34,222.992
00:05.5,340.46,62.77,12.56,2.32,222.65
00:05.6,343.57,59.66,12.43,2.32,222.171
00:05.6,346.67,57.18,12.33,2.31,221.674
00:05.7,349.77,52.23,12.12,2.26,221.616
00:05.7,352.87,50.99,12.07,2.25,221.353
00:05.8,355.96,47.29,11.93,2.22,221.207
00:05.8,359.05,44.2,11.8,2.19,221.033
00:05.8,362.13,41.74,11.71,2.19,220.56
00:05.9,364.6,36.81,11.52,2.17,220.328
00:05.9,368.9,35.59,11.47,2.16,220.005
00:06.0,371.36,31.9,11.33,2.12,219.684
00:06.0,374.43,28.84,11.21,2.09,219.358
00:06.1,377.49,26.39,11.12,2.06,218.912
00:06.2,380.55,21.5,10.94,2.03,218.625
00:06.2,383.61,20.28,10.89,2.02,218.656
00:06.2,386.66,16.62,10.76,2.04,218.482
00:06.3,389.71,13.57,10.65,2.05,218.024
00:06.4,392.75,11.14,10.56,2.05,217.758
00:06.4,395.18,6.28,10.39,2.08,217.353
00:06.4,399.44,5.07,10.34,2.08,217.011
00:06.5,401.86,1.43,10.21,2.09,217.005
00:06.6,404.89,-1.6,10.1,2.08,216.886
00:06.6,407.91,-4.01,10.01,2.08,216.657
00:06.7,410.93,-8.84,9.83,2.09,216.156
00:06.7,413.95,-10.05,9.79,2.1,215.714
00:06.8,416.96,-13.66,9.66,2.1,215.421
00:06.8,419.97,-16.67,9.55,2.12,215.177
00:06.8,422.98,-19.07,9.46,2.15,215.114
00:06.9,425.38,-23.86,9.28,2.2,214.664
00:07.0,429.58,-25.06,9.23,2.2,214.557
00:07.0,431.97,-28.65,9.09,2.22,214.209
00:07.0,434.96,-31.64,8.98,2.23,213.8
00:07.1,437.95,-34.03,8.88,2.22,213.745
00:07.1,440.93,-38.79,8.7,2.22,213.523
00:07.2,443.91,-39.98,8.65,2.23,213.126
00:07.3,446.88,-43.55,8.51,2.26,212.958
00:07.3,449.86,-46.52,8.39,2.3,212.677
00:07.3,452.82,-48.89,8.3,2.32,212.5
00:07.4,455.19,-53.63,8.11,2.36,212.238
00:07.5,459.34,-54.81,8.06,2.37,211.942
00:07.5,461.7,-58.35,7.91,2.41,211.502
00:07.5,464.65,-61.3,7.79,2.44,210.925
00:07.6,467.59,-63.65,7.69,2.48,210.651
00:07.6,470.52,-68.33,7.49,2.54,209.924
00:07.7,473.44,-69.49,7.44,2.55,209.07
00:07.8,476.35,-72.97,7.28,2.55,208.078
00:07.8,479.23,-75.85,7.15,2.56,206.998
00:07.8,482.1,-78.14,7.05,2.57,205.335
00:07.9,484.37,-82.66,6.85,2.61,203.613
00:08.0,488.31,-83.79,6.8,2.62,202.066
00:08.0,490.53,-87.12,6.64,2.64,199.811
00:08.1,493.29,-89.87,6.52,2.65,197.725
00:08.1,496.01,-92.04,6.42,2.65,195.222
00:08.1,498.71,-96.33,6.22,2.64,193.317
00:08.2,501.37,-97.39,6.17,2.65,190.958
00:08.3,504,-100.54,6.02,2.66,188.628
00:08.3,506.6,-103.13,5.9,2.66,186.336
00:08.3,509.17,-105.18,5.8,2.68,184.054
00:08.4,511.2,-109.22,5.61,2.69,181.353
00:08.4,514.7,-110.21,5.56,2.68,179.444
00:08.5,516.67,-113.17,5.42,2.65,177.495
00:08.6,519.11,-115.6,5.31,2.66,175.033
00:08.6,521.52,-117.52,5.22,2.67,172.119
00:08.7,523.89,-121.3,5.04,2.69,170.096
00:08.7,526.24,-122.23,5,2.71,167.735
00:08.8,528.55,-125,4.87,2.71,164.37
00:08.8,530.82,-127.27,4.76,2.66,161.84
00:08.8,533.07,-129.06,4.67,2.62,160.232
00:08.9,534.84,-132.57,4.51,2.49,157.012
00:08.9,537.87,-133.43,4.47,2.46,155.383
00:09.0,539.56,-135.97,4.35,2.38,152.45
00:09.0,541.64,-138.04,4.26,2.36,149.212
00:09.1,543.68,-139.66,4.19,2.29,145.971
00:09.2,545.69,-142.84,4.06,2.15,142.73
00:09.2,547.65,-143.62,4.03,2.1,139.489
00:09.3,549.57,-145.93,3.94,1.78,136.376
00:09.3,551.46,-147.8,3.87,1.52,133.639
00:09.3,553.3,-149.27,3.83,1.34,130.666
00:09.4,554.74,-152.13,3.75,0.86,128.029
00:09.5,557.21,-152.83,3.74,0.71,124.8
00:09.5,558.58,-154.9,3.7,0.07,122.692
00:09.6,560.28,-156.59,3.69,-0.85,121.352
00:09.6,561.94,-157.92,3.69,-1.64,119.596
00:09.7,563.58,-160.51,3.73,-3.59,118.245
00:09.7,565.18,-161.15,3.75,-3.92,115.731
00:09.8,566.75,-163.03,3.84,-4.67,113.387
00:09.8,568.29,-164.56,3.94,-5.45,111.095
00:09.8,569.8,-165.76,4.03,-5.95,108.831
00:09.9,570.99,-168.12,4.26,-7.31,107.243
00:10.0,573.04,-168.69,4.33,-7.68,105.608
00:10.0,574.19,-170.4,4.55,-8.59,104.082
00:10.1,575.61,-171.8,4.75,-9.32,102.376
00:10.1,577,-172.9,4.93,-9.94,100.999
00:10.2,578.39,-175.07,5.33,-11.6,99.799
00:10.2,579.75,-175.6,5.44,-12.08,98.235
00:10.2,581.1,-177.19,5.79,-13.62,97.438
00:10.3,582.44,-178.49,6.1,-14.92,96.693
00:10.4,583.77,-179.52,6.37,-16.05,96.165
00:10.4,584.83,-181.54,6.95,-18.38,95.43
00:10.5,586.67,-182.04,7.11,-18.87,94.682
00:10.5,587.71,-183.53,7.6,-20.26,93.947
00:10.6,589,-184.74,8.04,-21.78,93.543
00:10.6,590.29,-185.7,8.41,-22.93,92.461
00:10.7,591.56,-187.58,9.19,-24.63,91.502
00:10.7,592.82,-188.04,9.4,-25.15,90.575
00:10.7,594.08,-189.4,10.03,-27.44,89.906
00:10.8,595.32,-190.51,10.59,-29.56,89.429
00:10.9,596.55,-191.37,11.06,-31.04,88.746
00:10.9,597.53,-193.05,12.06,-33.52,88.084
00:11.0,599.23,-193.45,12.32,-34.21,87.364
00:11.0,600.19,-194.65,13.13,-36.17,86.799
00:11.1,601.39,-195.62,13.83,-37.61,86.046
00:11.1,602.58,-196.38,14.41,-38.82,85.753
00:11.2,603.76,-197.85,15.6,-41.78,85.478
00:11.2,604.94,-198.21,15.9,-42.44,85.06
00:11.3,606.12,-199.26,16.84,-44.12,84.758
00:11.3,607.28,-200.1,17.65,-45.69,84.739
00:11.4,608.45,-200.76,18.32,-47.01,85.377
00:11.4,609.38,-202.03,19.69,-48.93,84.169
00:11.5,611.02,-202.34,20.04,-49.41,84.432
00:11.5,611.95,-203.24,21.11,-51.51,84.398
00:11.6,613.12,-203.97,22.02,-53.3,84.041
00:11.6,614.29,-204.53,22.76,-54.45,83.72
00:11.6,615.45,-205.61,24.28,-55.94,83.558
00:11.7,616.61,-205.87,24.66,-56.09,83.32
00:11.7,617.76,-206.65,25.79,-55.94,82.86
00:11.8,618.9,-207.3,26.73,-55.32,82.191
00:11.8,620.03,-207.82,27.47,-54.56,80.94
00:11.9,620.93,-208.89,28.9,-52.43,79.283
00:11.9,622.48,-209.16,29.25,-51.74,78.215
00:12.0,623.36,-210,30.27,-49.32,77.418
00:12.0,624.46,-210.72,31.08,-47.21,76.5
00:12.1,625.54,-211.31,31.72,-45.59,76.515
00:12.2,626.62,-212.54,32.94,-42.42,76.643
00:12.2,627.7,-212.85,33.23,-41.59,76.768
00:12.3,628.77,-213.81,34.08,-39.07,76.57
00:12.3,629.84,-214.63,34.76,-37.18,76.045
00:12.4,630.9,-215.3,35.28,-35.84,75.578
00:12.4,631.95,-216.5,36.14,-33.48,75.306
00:12.4,633,-217.02,36.49,-32.39,75.044
00:12.5,634.05,-218.08,37.16,-30.31,74.668
00:12.6,635.08,-218.98,37.68,-28.73,74.238
00:12.6,636.12,-219.71,38.08,-27.44,73.948
00:12.7,637.15,-220.99,38.73,-24.63,73.936
00:12.7,638.18,-221.55,38.98,-23.31,73.677
00:12.8,639.2,-222.68,39.45,-20.92,72.978
00:12.8,640.22,-223.63,39.81,-19.25,72.819
00:12.9,641.23,-224.4,40.07,-17.96,73.156
00:12.9,642.25,-225.76,40.49,-15.41,73.251
00:12.9,643.27,-226.35,40.65,-14.35,73.61
00:13.0,644.29,-227.54,40.94,-12.31,73.433
00:13.1,645.31,-228.55,41.15,-10.67,73.655
00:13.1,646.35,-229.36,41.3,-9.26,74.528
00:13.1,647.39,-230.8,41.51,-6.91,75.145
00:13.2,648.44,-231.43,41.59,-5.95,76.167
00:13.2,649.51,-232.71,41.71,-4.13,77.092
00:13.3,650.59,-233.78,41.78,-2.74,77.781
00:13.3,651.67,-234.65,41.81,-1.64,78.727
00:13.4,652.77,-236.19,41.83,0.31,79.448
00:13.4,653.87,-236.85,41.82,1.14,79.615
00:13.5,654.98,-238.17,41.78,2.64,79.405
00:13.6,656.08,-239.27,41.72,3.66,79.347
00:13.6,657.18,-240.15,41.66,4.38,79.145
00:13.6,658.27,-241.67,41.53,5.44,78.679
00:13.7,659.36,-242.32,41.46,5.84,78.297
00:13.8,660.44,-243.61,41.33,6.46,77.9
00:13.8,661.51,-244.67,41.2,6.79,77.155
00:13.9,662.57,-245.51,41.11,6.89,76.384
00:13.9,663.62,-246.97,40.93,6.77,75.608
00:14.0,664.65,-247.58,40.86,6.58,74.778
00:14.0,665.68,-248.81,40.73,5.95,73.933
00:14.1,666.7,-249.81,40.64,5.17,73.152
00:14.1,667.7,-250.61,40.58,4.32,72.361
00:14.2,668.7,-252,40.51,2.26,71.727
00:14.2,669.68,-252.59,40.5,1.16,71.165
00:14.3,670.66,-253.76,40.51,-1.3,70.658
00:14.3,671.63,-254.73,40.55,-3.47,70.13
00:14.3,672.6,-255.5,40.62,-5.23,69.623
00:14.4,673.55,-256.82,40.78,-8.28,68.827
00:14.5,674.5,-257.37,40.87,-9.56,68.037
00:14.5,675.44,-258.47,41.08,-12.08,67.283
00:14.6,676.36,-259.37,41.3,-14.21,66.578
00:14.6,677.28,-260.08,41.49,-15.92,65.794
00:14.6,678.19,-261.29,41.87,-18.93,65.019
00:14.7,679.09,-261.79,42.05,-20.15,64.152
00:14.7,679.98,-262.78,42.43,-22.58,63.416
00:14.8,680.86,-263.59,42.79,-24.65,62.885
00:14.8,681.73,-264.21,43.09,-26.29,62.364
00:14.9,682.6,-265.27,43.66,-29.22,61.787
00:14.9,683.45,-265.71,43.92,-30.49,61.265
00:15.0,684.3,-266.57,44.47,-33.12,60.841
00:15.0,685.15,-267.26,44.95,-35.34,60.502
00:15.1,685.99,-267.79,45.35,-37.12,60.038
00:15.1,686.82,-268.68,46.09,-40.32,59.586
00:15.2,687.65,-269.05,46.42,-41.74,59.224
00:15.2,688.47,-269.75,47.1,-44.6,58.69
00:15.3,689.29,-270.31,47.69,-46.91,58.203
00:15.3,690.09,-270.73,48.17,-48.7,57.673
00:15.4,690.89,-271.43,49.04,-51.71,57.179
00:15.4,691.69,-271.71,49.42,-52.97,56.617
00:15.5,692.47,-272.25,50.19,-55.63,56.065
00:15.6,693.25,-272.66,50.85,-57.99,55.604
00:15.6,694.03,-272.96,51.38,-59.98,55.2
00:15.7,694.79,-273.45,52.33,-63.61,54.704
00:15.7,695.56,-273.63,52.74,-65.15,54.386
00:15.8,696.31,-273.97,53.57,-68.09,53.895
00:15.8,697.06,-274.21,54.27,-70.55,53.474
00:15.9,697.8,-274.38,54.84,-72.56,53.205
00:15.9,698.54,-274.62,55.83,-76.04,52.873
00:16.0,699.27,-274.7,56.26,-77.54,52.457
00:16.0,700,-274.83,57.11,-80.74,52.186
00:16.1,700.72,-274.91,57.82,-83.28,51.926
00:16.1,701.44,-274.94,58.39,-85.29,51.325
00:16.1,702.15,-274.96,59.38,-89.21,51.112
00:16.2,702.86,-274.95,59.8,-90.79,50.965
00:16.3,703.56,-274.88,60.63,-93.87,50.428
00:16.3,704.26,-274.8,61.31,-96.6,50.086
00:16.3,704.96,-274.71,61.85,-98.61,49.833
00:16.4,705.64,-274.51,62.78,-102.07,49.305
00:16.5,706.33,-274.4,63.17,-103.71,49.085
00:16.5,707.01,-274.15,63.94,-107.1,48.82
00:16.6,707.68,-273.91,64.56,-109.86,47.968
00:16.6,708.36,-273.7,65.05,-112.01,47.834
00:16.6,709.04,-273.28,65.9,-115.89,47.831
00:16.7,709.73,-273.08,66.26,-117.55,48.85
00:16.7,710.44,-272.65,66.98,-120.74,49.854
00:16.8,711.16,-272.25,67.57,-123.45,51.014
00:16.9,711.89,-271.91,68.04,-125.62,51.903
00:16.9,712.63,-271.26,68.84,-129.51,52.951
00:16.9,713.38,-270.96,69.17,-131.26,53.721
00:17.0,714.15,-270.33,69.83,-134.7,54.536
00:17.0,714.92,-269.77,70.35,-137.43,55.451
00:17.1,715.71,-269.29,70.76,-139.43,56.538
00:17.1,716.51,-268.42,71.46,-142.52,57.545
00:17.2,717.33,-268.02,71.75,-143.78,58.909
00:17.3,718.16,-267.19,72.31,-146.46,60.111
00:17.3,719.02,-266.47,72.77,-148.45,61.616
00:17.4,719.88,-265.88,73.12,-149.76,62.998
00:17.4,720.77,-264.79,73.74,-151.79,64.393
00:17.5,721.68,-264.3,73.99,-152.78,65.876
00:17.5,722.61,-263.3,74.48,-154.81,67.393
00:17.6,723.56,-262.44,74.88,-156.52,68.641
00:17.6,724.53,-261.72,75.19,-157.84,70.57
00:17.6,725.52,-260.43,75.7,-159.96,71.839
00:17.7,726.54,-259.85,75.91,-160.83,73.481
00:17.7,727.57,-258.68,76.31,-162.43,74.992
00:17.8,728.63,-257.67,76.64,-163.74,76.78
00:17.8,729.71,-256.84,76.88,-164.75,78.373
00:17.9,730.81,-255.35,77.29,-166.47,79.863
00:17.9,731.93,-254.69,77.46,-167.14,81.358
00:18.0,733.06,-253.36,77.78,-168.5,82.506
00:18.0,734.22,-252.23,78.02,-169.54,84.556
00:18.1,735.4,-251.3,78.21,-170.32,86.07
00:18.1,736.6,-249.64,78.51,-171.45,87.278
00:18.2,737.82,-248.92,78.64,-171.89,89.1
00:18.3,739.07,-247.43,78.86,-172.77,90.974
00:18.3,740.34,-246.17,79.03,-173.49,92.619
00:18.4,741.64,-245.14,79.16,-174.08,94.56
00:18.4,742.96,-243.29,79.37,-175.28,96.3
00:18.4,744.31,-242.49,79.44,-175.82,98.048
00:18.5,745.67,-240.85,79.58,-176.92,99.937
00:18.6,747.06,-239.46,79.68,-177.71,101.457
00:18.6,748.47,-238.33,79.74,-178.27,102.977
00:18.6,749.91,-236.31,79.83,-179.17,105.109
00:18.7,751.37,-235.43,79.86,-179.54,106.062
00:18.7,752.84,-233.66,79.91,179.87,107.875
00:18.8,754.34,-232.16,79.93,179.39,109.154
00:18.8,755.85,-230.94,79.94,178.83,109.581
00:18.9,757.39,-228.79,79.94,178.02,110.93
00:19.0,758.94,-227.86,79.93,177.84,112.713
00:19.0,760.53,-225.95,79.88,177.88,113.655
00:19.1,762.14,-224.34,79.83,178,115.38
00:19.1,763.77,-223.03,79.79,178.02,118.093
00:19.1,765.42,-220.72,79.72,177.98,119.334
00:19.2,767.09,-219.71,79.68,177.93,120.984
00:19.3,768.78,-217.68,79.61,177.85,122.231
00:19.3,770.5,-215.96,79.55,177.76,123.845
00:19.4,772.24,-214.57,79.5,177.73,125.698
00:19.4,774,-212.1,79.41,177.76,126.501
00:19.5,775.79,-211.02,79.37,177.8,127.604
00:19.5,777.6,-208.85,79.28,177.9,129.046
00:19.6,779.43,-207.01,79.22,178,131.572
00:19.6,781.28,-205.53,79.17,178.1,134.016
00:19.6,783.15,-202.91,79.08,178.29,135.811
00:19.7,785.04,-201.77,79.04,178.36,137.642
00:19.7,786.95,-199.48,78.97,178.67,137.765
00:19.8,788.88,-197.55,78.92,178.94,139.189
00:19.8,790.84,-195.98,78.88,179,138.949
00:19.9,792.81,-193.22,78.83,179.12,141.293
00:20.0,794.8,-192.02,78.81,179.17,143.716
00:20.0,796.8,-189.61,78.77,179.33,144.833
00:20.1,798.83,-187.58,78.74,179.49,146.365
00:20.1,800.88,-185.94,78.72,179.6,146.831
00:20.1,802.95,-183.04,78.69,179.75,147.622
00:20.2,805.04,-181.78,78.68,179.81,149.557
00:20.3,807.14,-179.25,78.67,179.9,151.128
00:20.3,809.27,-177.13,78.66,179.97,152.517
00:20.4,811.41,-175.41,78.66,-180,153.957
00:20.4,813.57,-172.38,78.65,-179.88,155.669
00:20.5,815.75,-171.07,78.66,-179.82,156.536
00:20.5,817.95,-168.43,78.66,-179.78,157.11
00:20.5,820.16,-166.21,78.67,-179.75,157.977
00:20.6,822.4,-164.42,78.67,-179.78,158.303
00:20.6,824.65,-161.27,78.68,-179.8,160.534
00:20.7,826.91,-159.9,78.69,-179.8,162.593
00:20.8,829.2,-157.16,78.69,-179.78,164.12
00:20.8,831.5,-154.86,78.7,-179.73,164.852
00:20.8,833.82,-153,78.71,-179.68,165.203
00:20.9,836.15,-149.73,78.73,-179.59,165.884
00:21.0,838.5,-148.32,78.74,-179.56,168.025
00:21.0,840.87,-145.47,78.76,-179.47,168.936
00:21.1,843.25,-143.09,78.78,-179.4,169.409
00:21.1,845.65,-141.17,78.79,-179.35,170.739
00:21.1,848.07,-137.78,78.83,-179.2,172.326
00:21.2,850.5,-136.32,78.85,-179.11,173.458
00:21.2,852.95,-133.39,78.89,-179.01,173.266
00:21.3,855.41,-130.92,78.93,-178.99,175.406
00:21.4,857.88,-128.94,78.96,-178.98,176.661
00:21.4,860.37,-125.45,79.01,-178.98,178.042
00:21.5,862.88,-123.94,79.04,-178.97,179.107
00:21.5,865.4,-120.92,79.09,-178.97,178.753
00:21.5,867.94,-118.38,79.14,-178.96,180.545
00:21.6,870.49,-116.34,79.17,-178.94,182.238
00:21.7,873.05,-112.74,79.24,-178.92,183.346
00:21.7,875.63,-111.19,79.26,-178.91,184.793
00:21.8,878.22,-108.08,79.32,-178.87,185.873
00:21.8,880.83,-105.47,79.37,-178.87,184.237
00:21.9,883.45,-103.37,79.41,-178.86,184.9
00:21.9,886.09,-99.68,79.48,-178.85,187.478
00:22.0,888.73,-98.1,79.51,-178.86,188.861
00:22.0,891.39,-94.91,79.58,-178.88,190.286
00:22.1,894.05,-92.24,79.63,-178.87,191.312
00:22.1,896.73,-90.1,79.67,-178.87,192.053
00:22.1,899.42,-86.33,79.74,-178.88,193.466
00:22.2,902.13,-84.7,79.77,-178.87,192.691
00:22.3,904.85,-81.44,79.84,-178.83,193.213
00:22.3,907.58,-78.7,79.89,-178.81,194.614
00:22.4,910.33,-76.51,79.94,-178.8,195.811
00:22.4,913.09,-72.64,80.01,-178.81,195.834
00:22.5,915.86,-70.98,80.05,-178.82,195.251
00:22.5,918.65,-67.63,80.11,-178.79,196.435
00:22.6,921.44,-64.84,80.17,-178.7,198.755
00:22.6,924.23,-62.6,80.22,-178.61,199.716
00:22.7,927.03,-58.68,80.3,-178.28,200.449
00:22.7,929.84,-57,80.34,-178.13,201.648
00:22.8,932.67,-53.6,80.43,-178.21,202.914
00:22.8,935.51,-50.77,80.5,-178.37,202.93
00:22.9,938.35,-48.49,80.57,-178.48,203.85
00:22.9,941.21,-44.49,80.67,-178.61,205.148
00:23.0,944.08,-42.77,80.72,-178.66,206.363
00:23.0,946.96,-39.31,80.81,-178.79,206.168
00:23.1,949.85,-36.42,80.87,-178.88,204.675
00:23.1,952.76,-34.09,80.92,-178.89,205.795
00:23.1,955.67,-30.01,81.01,-178.82,207.971
00:23.2,958.6,-28.25,81.05,-178.76,207.269
00:23.2,961.54,-24.72,81.12,-178.68,208.383
00:23.3,964.49,-21.77,81.19,-178.59,210.346
00:23.3,967.45,-19.4,81.24,-178.47,211.244
00:23.4,970.43,-15.24,81.34,-178.4,209.583
00:23.5,973.41,-13.44,81.39,-178.41,210.892
00:23.5,976.4,-9.85,81.48,-178.41,213.175
00:23.6,979.41,-6.84,81.56,-178.43,213.355
00:23.6,982.43,-4.43,81.63,-178.45,213.535
00:23.6,985.45,-0.19,81.74,-178.44,215.366
00:23.7,988.49,1.63,81.79,-178.43,216.35
00:23.8,991.53,5.29,81.89,-178.4,215.705
00:23.8,994.59,8.35,81.97,-178.36,216.123
00:23.8,997.66,10.8,82.04,-178.36,216.513
00:23.9,1000.74,15.11,82.16,-178.34,216.004
00:23.9,1003.82,16.96,82.21,-178.33,217.935
00:24.0,1006.9,20.65,82.31,-178.29,218.088
00:24.0,1009.97,23.72,82.4,-178.23,218.164
00:24.1,1013.04,26.17,82.47,-178.18,218.25
00:24.1,1016.1,30.46,82.6,-178.06,218.311
00:24.2,1019.16,32.29,82.66,-178.04,218.357
00:24.2,1022.22,35.96,82.78,-178.05,218.408
00:24.3,1025.27,39,82.88,-178.07,218.305
00:24.4,1028.32,41.44,82.96,-178.06,217.362
00:24.4,1031.36,45.7,83.1,-178.02,216.913
00:24.4,1034.4,47.52,83.16,-177.99,217.047
00:24.5,1037.43,51.16,83.28,-177.95,216.855
00:24.6,1040.47,54.19,83.38,-177.96,216.864
00:24.6,1043.49,56.61,83.47,-178.02,216.776
00:24.6,1046.52,60.84,83.61,-178.03,216.571
00:24.7,1049.54,62.65,83.67,-178.02,216.141
00:24.8,1052.55,66.27,83.8,-178.03,215.891
00:24.8,1055.56,69.28,83.9,-178.02,214.936
00:24.8,1058.57,71.68,83.98,-177.98,214.765
00:24.9,1061.58,75.88,84.12,-177.9,214.487
00:24.9,1064.58,77.68,84.19,-177.89,213.77
00:25.0,1067.57,81.28,84.31,-177.87,213.956
00:25.1,1070.57,84.27,84.42,-177.92,214.032
00:25.1,1073.55,86.65,84.5,-177.97,213.867
00:25.1,1076.54,90.83,84.65,-178.01,213.7
00:25.2,1079.52,92.62,84.71,-178.03,213.306
00:25.3,1082.5,96.19,84.84,-177.98,212.656
00:25.3,1085.47,99.16,84.94,-177.88,212.696
00:25.4,1088.44,101.54,85.02,-177.81,212.412
00:25.4,1091.41,105.69,85.17,-177.74,212.366
00:25.5,1094.37,107.46,85.24,-177.73,211.953
00:25.5,1097.33,111.01,85.38,-177.7,211.92
00:25.6,1100.29,113.96,85.49,-177.68,211.795
00:25.6,1103.24,116.32,85.58,-177.68,211.231
00:25.6,1106.19,120.45,85.74,-177.69,210.645
00:25.7,1109.13,122.21,85.81,-177.66,210.544
00:25.8,1112.08,125.74,85.95,-177.62,210.575
00:25.8,1115.02,128.67,86.07,-177.66,210.211
00:25.9,1117.95,131.02,86.17,-177.7,210.269
00:25.9,1120.88,135.12,86.33,-177.68,209.699
00:25.9,1123.81,136.87,86.4,-177.66,209.061
00:26.0,1126.73,140.38,86.54,-177.77,209.082
00:26.1,1129.65,143.3,86.66,-177.92,208.841
00:26.1,1132.57,145.63,86.75,-177.96,208.685
00:26.1,1135.48,149.7,86.9,-178.02,208.627
00:26.2,1138.39,151.45,86.96,-177.96,208.374
00:26.3,1141.3,154.93,87.09,-177.78,207.871
00:26.3,1144.2,157.83,87.2,-177.68,207.758
00:26.3,1147.1,160.15,87.29,-177.65,207.742
00:26.4,1150,164.2,87.45,-177.69,207.543
00:26.5,1152.89,165.94,87.51,-177.71,207.529
00:26.5,1155.78,169.4,87.65,-177.73,207.016
00:26.5,1158.66,172.27,87.77,-177.69,205.811
00:26.6,1161.53,174.56,87.86,-177.59,205.386
00:26.6,1164.38,178.56,88.02,-177.35,204.795
00:26.7,1167.22,180.26,88.1,-177.26,203.76
00:26.8,1170.05,183.64,88.25,-177.03,202.918
00:26.8,1172.86,186.44,88.39,-176.79,201.593
00:26.8,1175.65,188.68,88.51,-176.57,200.195
00:26.9,1178.44,192.56,88.73,-175.94,198.816
00:26.9,1181.2,194.22,88.83,-175.53,198.407
00:27.0,1183.96,197.52,89.05,-174.5,198.178
00:27.1,1186.7,200.24,89.26,-174.12,197.045
00:27.1,1189.41,202.4,89.45,-174.08,196.017
00:27.1,1192.12,206.17,89.8,-174.06,194.537
00:27.2,1194.81,207.77,89.96,-174.01,192.779
00:27.2,1197.48,210.96,90.28,-173.7,191.467
00:27.3,1200.14,213.6,90.56,-173.07,190.747
00:27.4,1202.78,215.7,90.8,-172.58,190.057
00:27.4,1205.4,219.34,91.24,-172.12,189.071
00:27.4,1208.01,220.89,91.44,-172,187.665
00:27.5,1210.61,223.98,91.85,-171.71,186.519
00:27.6,1213.19,226.53,92.21,-171.36,185.141
00:27.6,1215.75,228.56,92.5,-171.02,184.222
00:27.6,1218.31,232.09,93.04,-170.29,183.783
00:27.7,1220.85,233.6,93.28,-170.02,183.066
00:27.8,1223.38,236.59,93.79,-169.68,182.016
00:27.8,1225.9,239.07,94.22,-169.42,180.816
00:27.8,1228.41,241.04,94.58,-169,179.561
00:27.9,1230.9,244.48,95.22,-167.38,179.22
00:28.0,1233.39,245.94,95.5,-166.7,178.926
00:28.0,1235.86,248.84,96.11,-166.05,178.04
00:28.0,1238.31,251.23,96.65,-165.98,177.154
00:28.1,1240.75,253.13,97.09,-166,175.756
00:28.1,1243.18,256.43,97.89,-165.8,174.273
00:28.2,1245.59,257.83,98.24,-165.6,173.104
00:28.2,1247.98,260.61,98.94,-165.18,171.469
00:28.3,1250.35,262.9,99.54,-164.86,170.404
00:28.4,1252.7,264.72,100.01,-164.42,169.308
00:28.4,1255.02,267.85,100.86,-163.77,167.761
00:28.5,1257.32,269.17,101.22,-163.83,166.018
00:28.5,1259.58,271.78,101.96,-164.11,163.635
00:28.6,1261.81,273.93,102.56,-164.22,160.586
00:28.6,1264.02,275.62,103.04,-164.28,157.998
00:28.6,1266.19,278.54,103.86,-164.24,155.132
00:28.7,1268.33,279.77,104.21,-164.23,152.297
00:28.7,1270.44,282.21,104.9,-164.24,150.225
00:28.8,1272.52,284.21,105.46,-164.27,148.556
00:28.9,1274.57,285.78,105.9,-164.31,146.654
00:28.9,1276.59,288.49,106.66,-164.41,144.637
00:29.0,1278.58,289.64,106.98,-164.43,142.229
00:29.0,1280.53,291.89,107.61,-164.49,140.053
00:29.1,1282.45,293.73,108.13,-164.53,137.984
00:29.1,1284.34,295.19,108.53,-164.57,135.35
00:29.1,1286.2,297.69,109.22,-164.67,133.205
00:29.2,1288.03,298.74,109.51,-164.72,131.069
00:29.3,1289.82,300.82,110.07,-164.93,128.672
00:29.3,1291.59,302.52,110.53,-165.23,126.158
00:29.3,1293.33,303.86,110.88,-165.66,124.201
00:29.4,1295.04,306.17,111.47,-166.88,122.741
00:29.5,1296.72,307.15,111.71,-167.49,121.004
00:29.5,1298.36,309.07,112.14,-168.58,119.03
00:29.5,1299.98,310.65,112.47,-169.37,116.738
00:29.6,1301.57,311.9,112.72,-169.95,114.482
00:29.6,1303.14,314.05,113.1,-171.19,112.833
00:29.7,1304.68,314.97,113.25,-171.87,110.761
00:29.7,1306.21,316.77,113.52,-173.31,109.094
00:29.8,1307.7,318.25,113.71,-174.52,107.848
00:29.9,1309.18,319.42,113.84,-175.44,106.368
00:29.9,1310.63,321.45,114.01,-177.04,105.013
00:30.0,1312.07,322.3,114.06,-177.72,103.493
00:30.0,1313.49,324,114.14,-179.14,102.046
00:30.1,1314.89,325.4,114.17,179.6,100.959
00:30.1,1316.27,326.5,114.17,178.54,99.687
00:30.1,1317.64,328.41,114.12,176.63,98.656
00:30.2,1318.99,329.22,114.08,175.79,97.765
00:30.3,1320.34,330.83,113.97,174.08,96.681
00:30.3,1321.66,332.15,113.84,172.6,95.628
00:30.4,1322.98,333.19,113.72,171.37,94.563
00:30.4,1324.28,334.99,113.45,169.18,93.446
00:30.5,1325.56,335.75,113.32,168.25,92.363
00:30.5,1326.84,337.24,113.01,166.45,91.273
00:30.6,1328.09,338.46,112.73,164.96,90.242
00:30.6,1329.34,339.42,112.47,163.72,89.275
00:30.6,1330.57,341.07,111.99,161.42,88.359
00:30.7,1331.79,341.76,111.76,160.32,87.587
00:30.7,1333,343.12,111.26,157.84,87.045
00:30.8,1334.19,344.23,110.82,156.07,86.088
00:30.9,1335.38,345.1,110.44,155.08,85.237
00:30.9,1336.56,346.6,109.75,153.46,84.712
00:30.9,1337.73,347.24,109.45,152.7,84.031
00:31.0,1338.9,348.5,108.83,150.27,83.467
00:31.0,1340.06,349.52,108.28,147.16,83.549
00:31.1,1341.22,350.32,107.83,144.89,83.369
00:31.2,1342.36,351.67,106.96,142.05,82.808
00:31.2,1343.49,352.23,106.57,141.05,82.57
00:31.2,1344.63,353.32,105.75,138.92,84.297
00:31.3,1345.76,354.2,105.04,137.38,82.634
00:31.4,1346.88,354.88,104.46,136.36,81.807
00:31.4,1348,356.04,103.4,134.76,80.999
00:31.4,1349.12,356.52,102.94,134.03,80.366
00:31.5,1350.22,357.44,101.99,132.52,79.826
00:31.6,1351.31,358.17,101.19,131.28,78.968
00:31.6,1352.38,358.73,100.54,130.4,77.784
00:31.6,1353.43,359.67,99.41,129.15,76.493
00:31.7,1354.47,360.06,98.93,128.77,75.135
00:31.8,1355.48,360.81,97.98,128.41,73.414
00:31.8,1356.48,361.43,97.21,128.49,71.683
00:31.9,1357.45,361.91,96.6,128.79,70.344
00:31.9,1358.41,362.76,95.58,129.82,68.916
00:32.0,1359.34,363.13,95.16,130.47,67.393
00:32.0,1360.26,363.86,94.34,132.15,66.096
00:32.1,1361.16,364.48,93.7,133.84,65.011
00:32.1,1362.04,364.98,93.2,135.26,64.164
00:32.1,1362.92,365.88,92.38,137.93,63.27
00:32.2,1363.79,366.27,92.05,139.13,62.666
00:32.2,1364.65,367.07,91.41,141.66,62.046
00:32.3,1365.5,367.76,90.91,144.02,61.494
00:32.4,1366.35,368.32,90.53,145.99,61.112
00:32.4,1367.19,369.32,89.92,149.5,60.655
00:32.5,1368.02,369.75,89.68,150.98,60.029
00:32.5,1368.85,370.63,89.23,153.8,59.409
00:32.5,1369.67,371.37,88.89,156.13,58.72
00:32.6,1370.48,371.97,88.65,157.95,58.103
00:32.6,1371.29,373.02,88.27,160.94,57.475
00:32.7,1372.08,373.47,88.13,162.19,56.754
00:32.7,1372.86,374.38,87.88,164.8,55.965
00:32.8,1373.64,375.13,87.72,167.15,55.409
00:32.8,1374.4,375.72,87.61,169.07,54.697
00:32.9,1375.16,376.76,87.46,172.36,53.983
00:33.0,1375.9,377.2,87.42,173.77,53.336
00:33.0,1376.64,378.07,87.37,176.6,52.802
00:33.0,1377.37,378.8,87.37,179.04,52.296
00:33.1,1378.09,379.37,87.39,-178.87,52.009
00:33.2,1378.81,380.36,87.47,-175.39,51.695
00:33.2,1379.52,380.78,87.53,-173.75,51.27
00:33.2,1380.23,381.61,87.67,-170.41,51.14
00:33.3,1380.94,382.29,87.83,-167.56,50.806
00:33.3,1381.64,382.82,87.97,-165.28,50.556
00:33.4,1382.33,383.74,88.28,-161.54,49.821
00:33.5,1383.03,384.12,88.43,-159.92,49.409
00:33.5,1383.72,384.87,88.77,-156.74,49.311
00:33.5,1384.42,385.49,89.09,-153.96,49.305
00:33.6,1385.13,385.98,89.36,-151.79,50.092
00:33.6,1385.85,386.83,89.89,-147.93,50.999
00:33.7,1386.58,387.19,90.14,-146.26,51.801
00:33.8,1387.32,387.89,90.67,-142.98,52.891
00:33.8,1388.08,388.47,91.14,-140.37,53.928
00:33.9,1388.84,388.93,91.55,-138.31,54.853
00:33.9,1389.62,389.71,92.3,-134.79,55.787
00:34.0,1390.41,390.04,92.65,-133.33,57.172
00:34.0,1391.22,390.68,93.37,-130.49,58.296
00:34.0,1392.05,391.2,94.01,-128.48,59.751
00:34.1,1392.9,391.62,94.55,-127.15,61.295
00:34.1,1393.76,392.33,95.53,-125.13,62.788
00:34.2,1394.65,392.63,95.97,-124.29,64.128
00:34.2,1395.56,393.24,96.89,-122.64,65.693
00:34.3,1396.49,393.73,97.68,-121.42,67.881
00:34.3,1397.45,394.13,98.34,-120.51,69.834
00:34.4,1398.43,394.82,99.53,-119.09,71.103
00:34.5,1399.44,395.12,100.05,-118.54,72.92
00:34.5,1400.47,395.71,101.14,-117.64,74.562
00:34.6,1401.52,396.2,102.08,-117.1,76.603
00:34.6,1402.61,396.6,102.85,-116.83,78.77
00:34.6,1403.72,397.31,104.24,-116.64,80.613
00:34.7,1404.86,397.62,104.86,-116.66,82.655
00:34.8,1406.03,398.26,106.11,-117.01,84.602
00:34.8,1407.22,398.81,107.18,-117.65,86.417
00:34.8,1408.45,399.27,108.04,-118.34,88.808
00:34.9,1409.69,400.11,109.58,-119.77,91.231
00:35.0,1410.97,400.49,110.25,-120.58,93.117
00:35.0,1412.27,401.29,111.59,-122.7,94.85
00:35.0,1413.59,402,112.71,-124.57,95.544
00:35.1,1414.93,402.59,113.6,-125.71,96.608
00:35.2,1416.28,403.68,115.15,-127.13,97.438
00:35.2,1417.64,404.16,115.81,-127.82,98.195
00:35.3,1419.01,405.15,117.13,-129.52,98.668
00:35.3,1420.39,406,118.22,-131.4,99.358
00:35.3,1421.77,406.7,119.08,-132.82,99.748
00:35.4,1423.17,407.99,120.55,-134.89,100.804
00:35.5,1424.57,408.56,121.17,-135.64,101.393
00:35.5,1425.99,409.75,122.39,-137.08,102.541
00:35.5,1427.42,410.77,123.4,-138.05,103.395
00:35.6,1428.85,411.6,124.19,-139.04,103.42
00:35.7,1430.3,413.11,125.55,-141.15,103.96
00:35.7,1431.77,413.78,126.12,-141.93,104.863
00:35.7,1433.24,415.16,127.24,-143.33,106.203
00:35.8,1434.73,416.34,128.15,-144.75,107.433
00:35.9,1436.23,417.3,128.87,-146,108.388
00:35.9,1437.74,419.03,130.1,-147.7,108.455
00:36.0,1439.27,419.79,130.61,-148.46,109.944
00:36.0,1440.81,421.36,131.61,-149.96,111.654
00:36.1,1442.36,422.69,132.41,-150.93,112.776
00:36.1,1443.93,423.77,133.04,-151.58,113.249
00:36.1,1445.51,425.71,134.13,-152.73,114.618
00:36.2,1447.1,426.55,134.59,-153.37,115.203
00:36.2,1448.71,428.26,135.48,-154.75,115.264
00:36.3,1450.32,429.7,136.2,-155.78,116.341
00:36.3,1451.95,430.88,136.77,-156.78,117.137
00:36.4,1453.59,432.97,137.72,-158.62,118.099
00:36.5,1455.24,433.89,138.11,-159.32,119.454
00:36.5,1456.91,435.74,138.88,-160.51,120.616
00:36.6,1458.59,437.31,139.49,-161.53,121.901
00:36.6,1460.29,438.58,139.96,-162.53,122.869
00:36.6,1462,440.85,140.75,-164.17,123.586
00:36.7,1463.73,441.84,141.08,-164.73,124.749
00:36.7,1465.47,443.84,141.69,-165.63,126.171
00:36.8,1467.23,445.54,142.18,-166.68,127.059
00:36.8,1469.01,446.91,142.56,-167.54,129.134
00:36.9,1470.81,449.35,143.18,-168.24,130.263
00:37.0,1472.62,450.42,143.44,-168.53,131.482
00:37.0,1474.45,452.56,143.93,-169.18,132.28
00:37.0,1476.31,454.38,144.32,-169.56,134.499
00:37.1,1478.18,455.84,144.62,-169.8,136.069
00:37.2,1480.07,458.45,145.14,-169.98,137.053
00:37.2,1481.98,459.58,145.36,-170.15,138.445
00:37.3,1483.91,461.86,145.78,-170.65,139.37
00:37.3,1485.86,463.78,146.12,-170.91,140.838
00:37.4,1487.84,465.34,146.39,-170.96,140.911
00:37.4,1489.83,468.1,146.85,-171.05,143.374
00:37.5,1491.84,469.29,147.04,-171.12,145.437
00:37.5,1493.87,471.7,147.43,-171.18,146.269
00:37.5,1495.92,473.73,147.75,-171.24,148.086
00:37.6,1497.99,475.37,148.01,-171.3,149.718
00:37.6,1500.08,478.27,148.46,-171.36,149.985
00:37.7,1502.19,479.52,148.66,-171.35,150.152
00:37.7,1504.32,482.04,149.05,-171.35,152.071
00:37.8,1506.47,484.17,149.37,-171.35,153.585
00:37.9,1508.63,485.45,149.57,-171.35,154.599
00:37.9,1510.82,488.91,150.1,-171.35,155.832
00:38.0,1513.02,490.22,150.3,-171.35,156.335
00:38.0,1515.24,492.41,150.63,-171.33,158.215
00:38.1,1517.47,495.06,151.04,-171.28,159.747
00:38.1,1519.72,496.39,151.24,-171.24,161.721
00:38.2,1521.99,499.98,151.8,-171.14,162.173
00:38.2,1524.27,501.34,152.01,-171.1,163.14
00:38.2,1526.57,503.62,152.37,-171.05,164.062
00:38.3,1528.89,506.37,152.8,-171.05,165.936
00:38.4,1531.23,507.75,153.02,-171.04,167.587
00:38.4,1533.58,511.47,153.6,-171,167.968
00:38.5,1535.95,512.88,153.83,-170.94,167.709
00:38.5,1538.34,515.23,154.2,-170.79,168.856
00:38.6,1540.74,518.08,154.67,-170.57,170.437
00:38.6,1543.15,519.51,154.9,-170.45,172.107
00:38.6,1545.58,523.35,155.55,-170.15,173.504
00:38.7,1548.03,524.79,155.79,-170.08,174.99
00:38.8,1550.49,527.22,156.21,-169.89,176.452
00:38.8,1552.96,530.14,156.72,-169.42,177.578
00:38.8,1555.45,531.61,156.98,-169.24,178.662
00:38.9,1557.95,535.56,157.71,-169.17,177.276
00:39.0,1560.47,537.04,157.98,-169.18,178.65
00:39.0,1563.01,539.53,158.45,-169.2,180.443
00:39.0,1565.56,542.54,159.03,-169.17,181.711
00:39.1,1568.12,544.05,159.31,-169.14,182.077
00:39.2,1570.7,548.11,160.09,-169.03,182.746
00:39.2,1573.29,549.64,160.39,-168.97,184.405
00:39.3,1575.9,552.19,160.88,-168.86,186.007
00:39.3,1578.52,555.28,161.49,-168.73,187.021
00:39.3,1581.15,556.83,161.79,-168.69,188.425
00:39.4,1583.79,560.98,162.62,-168.43,189.819
00:39.5,1586.46,562.55,162.93,-168.32,189.3
00:39.5,1589.13,565.17,163.46,-168.28,188.635
00:39.5,1591.82,568.33,164.11,-168.38,189.685
00:39.6,1594.52,569.92,164.44,-168.44,192.807
00:39.6,1597.22,574.16,165.31,-168.64,194.061
00:39.7,1599.94,575.76,165.63,-168.74,194.73
00:39.7,1602.67,578.44,166.17,-168.89,196.185
00:39.8,1605.42,581.67,166.82,-168.85,195.872
00:39.9,1608.18,583.3,167.15,-168.8,194.977
00:39.9,1610.95,587.64,168.02,-168.61,197.891
00:40.0,1613.72,589.28,168.35,-168.53,199.286
00:40.0,1616.51,592.01,168.89,-168.41,199.609
00:40.0,1619.31,595.3,169.56,-168.36,200.995
00:40.1,1622.13,596.96,169.89,-168.4,201.614
00:40.2,1624.96,601.4,170.8,-168.54,200.346
00:40.2,1627.8,603.07,171.13,-168.58,203.209
00:40.2,1630.65,605.86,171.7,-168.64,204.388
00:40.3,1633.51,609.23,172.38,-168.71,205.029
00:40.3,1636.39,610.92,172.72,-168.71,203.761
00:40.4,1639.28,615.45,173.63,-168.7,203.784
00:40.5,1642.17,617.16,173.98,-168.69,205.688
00:40.5,1645.09,620.02,174.55,-168.68,207.202
00:40.6,1648.01,623.45,175.24,-168.67,208.637
00:40.6,1650.94,625.18,175.59,-168.68,209.751
00:40.6,1653.88,629.8,176.51,-168.73,208.075
00:40.7,1656.84,631.54,176.86,-168.77,207.941
00:40.8,1659.8,634.45,177.44,-168.85,210.712
00:40.8,1662.76,637.93,178.14,-168.98,212.013
00:40.9,1665.74,639.68,178.48,-169.05,212.596
00:40.9,1668.73,644.37,179.41,-168.99,213.794
00:41.0,1671.73,646.14,179.76,-168.9,212.564
00:41.0,1674.74,649.09,180.34,-168.78,212.262
00:41.0,1677.76,652.65,181.05,-168.73,213.877
00:41.1,1680.79,654.43,181.4,-168.73,215.854
00:41.1,1683.83,659.2,182.35,-168.76,215.769
00:41.2,1686.88,661,182.7,-168.77,216.675
00:41.3,1689.93,664,183.3,-168.8,217.929
00:41.3,1693,667.61,184.02,-168.83,219.169
00:41.3,1696.08,669.42,184.38,-168.85,219.828
00:41.4,1699.17,674.28,185.34,-168.84,217.969
00:41.5,1702.27,676.1,185.7,-168.85,219.922
00:41.5,1705.38,679.15,186.3,-168.88,221.579
00:41.6,1708.5,682.83,187.03,-168.93,222.663
00:41.6,1711.63,684.67,187.39,-168.96,223.764
00:41.7,1714.77,689.6,188.36,-169.06,223.133
00:41.7,1717.92,691.45,188.72,-169.07,221.286
00:41.7,1721.08,694.56,189.33,-169.04,222.156
00:41.8,1724.24,698.29,190.05,-169.01,224.945
00:41.8,1727.42,700.16,190.42,-169,223.777
00:41.9,1730.6,705.15,191.39,-168.89,221.97
00:42.0,1733.77,707.02,191.75,-168.77,224.793
00:42.0,1736.95,710.14,192.36,-168.48,225.571
00:42.1,1740.12,713.87,193.1,-168.15,225.614
00:42.1,1743.29,715.73,193.48,-168.12,225.663
00:42.1,1746.45,720.69,194.49,-168.36,225.718
00:42.2,1749.61,722.55,194.87,-168.46,225.751
00:42.2,1752.76,725.64,195.5,-168.51,225.55
00:42.3,1755.91,729.34,196.25,-168.46,224.823
00:42.4,1759.06,731.19,196.63,-168.43,224.426
00:42.4,1762.2,736.11,197.64,-168.42,224.439
00:42.5,1765.34,737.96,198.01,-168.41,224.448
00:42.5,1768.47,741.03,198.64,-168.39,224.295
00:42.5,1771.6,744.71,199.4,-168.39,224.121
00:42.6,1774.73,746.54,199.77,-168.39,223.593
00:42.7,1777.85,751.44,200.78,-168.35,223.014
00:42.7,1780.97,753.27,201.16,-168.31,222.919
00:42.8,1784.08,756.32,201.78,-168.23,222.599
00:42.8,1787.19,759.97,202.54,-168.17,222.416
00:42.9,1790.3,761.8,202.92,-168.17,222.321
00:42.9,1793.4,766.65,203.94,-168.23,222.04
00:43.0,1796.5,768.47,204.31,-168.23,221.46
00:43.0,1799.59,771.5,204.95,-168.2,221.094
00:43.1,1802.68,775.13,205.71,-168.13,220.758
00:43.1,1805.77,776.94,206.09,-168.08,220.267
00:43.1,1808.85,781.77,207.1,-168.08,220.197
00:43.2,1811.93,783.57,207.48,-168.09,220.267
00:43.2,1815,786.58,208.11,-168.09,220.072
00:43.3,1818.07,790.19,208.88,-168.07,219.669
00:43.4,1821.14,791.99,209.26,-168.05,219.333
00:43.4,1824.2,796.78,210.27,-168.04,218.741
00:43.5,1827.26,798.58,210.65,-168.05,218.305
00:43.5,1830.32,801.57,211.29,-168.09,218.305
00:43.6,1833.37,805.15,212.04,-168.14,218.357
00:43.6,1836.42,806.94,212.42,-168.16,218.079
00:43.6,1839.46,811.7,213.43,-168.2,217.78
00:43.7,1842.5,813.48,213.8,-168.21,217.49
00:43.7,1845.54,816.46,214.43,-168.22,217.197
00:43.8,1848.57,820.02,215.17,-168.21,217.093
00:43.8,1851.6,821.8,215.55,-168.2,216.913
00:43.9,1854.62,826.53,216.54,-168.14,216.699
00:44.0,1857.64,828.3,216.91,-168.13,216.312
00:44.0,1860.66,831.26,217.54,-168.18,215.915
00:44.0,1863.67,834.8,218.28,-168.22,215.32
00:44.1,1866.68,836.56,218.65,-168.24,214.853
00:44.1,1869.69,841.27,219.64,-168.33,214.847
00:44.2,1872.69,843.03,220,-168.37,214.438
00:44.2,1875.69,845.97,220.61,-168.41,214.032
00:44.3,1878.68,849.49,221.34,-168.45,213.901
00:44.4,1881.67,851.24,221.71,-168.41,213.642
00:44.4,1884.65,855.9,222.67,-168.4,213.135
00:44.5,1887.61,857.65,223.03,-168.44,212.29
00:44.5,1890.57,860.54,223.63,-168.51,211.243
00:44.5,1893.52,864.01,224.34,-168.61,210.52
00:44.6,1896.46,865.74,224.69,-168.65,210.278
00:44.7,1899.39,870.32,225.62,-168.68,209.818
00:44.7,1902.3,872.04,225.97,-168.68,209.104
00:44.8,1905.2,874.88,226.54,-168.69,207.813
00:44.8,1908.1,878.28,227.23,-168.69,206.876
00:44.8,1910.98,879.98,227.57,-168.67,206.607
00:44.9,1913.85,884.47,228.48,-168.55,205.682
00:45.0,1916.7,886.15,228.82,-168.56,204.814
00:45.0,1919.54,888.93,229.38,-168.63,203.888
00:45.0,1922.37,892.26,230.05,-168.74,202.509
00:45.1,1925.19,893.92,230.39,-168.82,201.431
00:45.2,1928,898.32,231.27,-169,200.244
00:45.2,1930.79,899.97,231.59,-169.06,199.93
00:45.2,1933.57,902.7,232.13,-169.1,199.463
00:45.3,1936.34,905.96,232.77,-168.97,198.813
00:45.4,1939.1,907.58,233.09,-168.85,198.114
00:45.4,1941.85,911.88,233.95,-168.61,197.144
00:45.5,1944.58,913.49,234.27,-168.58,196.033
00:45.5,1947.3,916.16,234.81,-168.6,194.892
00:45.6,1950.01,919.34,235.45,-168.61,194.025
00:45.6,1952.7,920.93,235.77,-168.62,193.188
00:45.6,1955.38,925.12,236.62,-168.63,192.499
00:45.7,1958.04,926.69,236.93,-168.62,191.348
00:45.8,1960.68,929.27,237.46,-168.6,189.444
00:45.8,1963.29,932.34,238.08,-168.56,187.411
00:45.8,1965.88,933.86,238.39,-168.53,185.62
00:45.9,1968.44,937.87,239.2,-168.45,183.848
00:46.0,1970.97,939.36,239.51,-168.45,181.82
00:46.0,1973.47,941.8,240.01,-168.48,179.641
00:46.0,1975.94,944.7,240.6,-168.51,176.962
00:46.1,1978.37,946.13,240.9,-168.53,173.977
00:46.2,1980.77,949.88,241.66,-168.6,170.965
00:46.2,1983.13,951.27,241.95,-168.62,168.334
00:46.3,1985.45,953.54,242.41,-168.67,165.518
00:46.3,1987.74,956.23,242.96,-168.72,163.534
00:46.3,1989.98,957.55,243.23,-168.76,160.293
00:46.4,1992.19,961.01,243.92,-168.8,157.055
00:46.5,1994.36,962.28,244.18,-168.84,153.811
00:46.5,1996.5,964.38,244.6,-168.93,150.573
00:46.5,1998.6,966.85,245.1,-169.04,147.332
00:46.6,2000.67,968.06,245.34,-169.16,144.14
00:46.7,2002.7,971.23,245.96,-169.5,143.316
00:46.7,2004.68,972.4,246.19,-169.61,141.665
00:46.7,2006.61,974.3,246.56,-169.66,138.686
00:46.8,2008.51,976.53,246.98,-169.52,135.46
00:46.8,2010.36,977.62,247.19,-169.49,132.219
00:46.9,2012.19,980.48,247.73,-169.5,128.981
00:47.0,2013.98,981.53,247.92,-169.58,125.74
00:47.0,2015.72,983.25,248.24,-169.71,123.742
00:47.0,2017.43,985.25,248.61,-169.94,122.423
00:47.1,2019.08,986.23,248.79,-170,119.191
00:47.1,2020.71,988.78,249.25,-170.09,115.95
00:47.2,2022.3,989.72,249.41,-170.32,112.712
00:47.3,2023.86,991.26,249.68,-170.81,109.471
00:47.3,2025.39,993.06,249.98,-171.48,106.246
00:47.4,2026.89,993.95,250.12,-172.11,106.603
00:47.4,2028.36,996.27,250.46,-173.41,106.132
00:47.5,2029.79,997.12,250.57,-173.7,104.079
00:47.5,2031.2,998.52,250.74,-174.17,102.199
00:47.5,2032.59,1000.17,250.91,-174.63,99.912
00:47.6,2033.94,1000.98,250.99,-174.95,97.588
00:47.7,2035.27,1003.09,251.17,-176.01,95.781
00:47.7,2036.57,1003.87,251.22,-176.44,93.547
00:47.7,2037.85,1005.14,251.3,-177.22,91.701
00:47.8,2039.1,1006.65,251.36,-178.32,90.452
00:47.8,2040.34,1007.39,251.38,-178.93,89.363
00:47.9,2041.57,1009.35,251.4,179.31,88.396
00:47.9,2042.78,1010.07,251.39,178.57,87.823
00:48.0,2043.98,1011.27,251.36,177.33,86.937
00:48.1,2045.17,1012.7,251.28,175.85,85.995
00:48.1,2046.35,1013.4,251.23,175.08,85.27
00:48.1,2047.52,1015.26,251.05,172.97,84.434
00:48.2,2048.68,1015.95,250.96,172.16,83.471
00:48.3,2049.82,1017.08,250.8,170.71,82.615
00:48.3,2050.96,1018.42,250.57,168.83,81.865
00:48.3,2052.08,1019.08,250.44,167.86,80.8
00:48.4,2053.19,1020.8,250.03,164.72,79.805
00:48.5,2054.28,1021.43,249.86,163.4,78.822
00:48.5,2055.36,1022.46,249.55,161.27,77.806
00:48.5,2056.42,1023.67,249.13,158.98,76.799
00:48.6,2057.47,1024.25,248.91,157.97,75.299
00:48.6,2058.5,1025.77,248.27,155.55,74.134
00:48.7,2059.52,1026.33,248.02,154.65,73.234
00:48.7,2060.52,1027.23,247.58,152.98,72.224
00:48.8,2061.51,1028.28,247.03,150.85,71.229
00:48.9,2062.49,1028.79,246.74,149.75,70.272
00:48.9,2063.45,1030.1,245.94,146.78,69.575
00:49.0,2064.41,1030.58,245.62,145.65,68.879
00:49.0,2065.36,1031.35,245.07,143.64,68.269
00:49.0,2066.29,1032.23,244.39,141.01,67.716
00:49.1,2067.22,1032.66,244.03,139.6,67.17
00:49.2,2068.15,1033.74,243.03,135.96,66.813
00:49.2,2069.07,1034.13,242.64,134.74,66.471
00:49.2,2069.98,1034.75,241.98,132.79,65.76
00:49.3,2070.89,1035.47,241.16,130.46,65.608
00:49.3,2071.81,1035.82,240.73,129.28,65.272
00:49.4,2072.73,1036.7,239.56,125.48,65.772
00:49.5,2073.66,1037.02,239.11,124.02,66.761
00:49.5,2074.6,1037.54,238.33,121.84,67.927
00:49.6,2075.54,1038.13,237.36,119.74,68
00:49.6,2076.5,1038.42,236.86,118.7,68.833
00:49.7,2077.47,1039.13,235.48,115.69,69.807
00:49.7,2078.45,1039.38,234.95,114.57,70.588
00:49.7,2079.44,1039.78,234.04,112.78,71.427
00:49.8,2080.45,1040.23,232.93,110.66,72.532
00:49.8,2081.47,1040.44,232.35,109.71,73.179
00:49.9,2082.5,1040.97,230.79,106.75,73.854
00:50.0,2083.55,1041.14,230.18,105.76,75.441
00:50.0,2084.62,1041.42,229.15,104.51,76.664
00:50.0,2085.71,1041.73,227.88,103.22,77.668
00:50.1,2086.81,1041.88,227.24,102.49,79.442
00:50.1,2087.93,1042.23,225.48,99.82,80.934
00:50.2,2089.07,1042.36,224.8,98.64,82.493
00:50.2,2090.22,1042.54,223.67,96.54,83.668
00:50.3,2091.38,1042.72,222.29,94.03,84.288
00:50.4,2092.55,1042.79,221.59,92.78,85.222
00:50.4,2093.74,1042.94,219.7,89.77,85.835
00:50.5,2094.93,1042.97,218.98,88.82,86.455
00:50.5,2096.14,1043,217.77,87.45,87.373
00:50.5,2097.36,1043,216.3,86.1,88.435
00:50.6,2098.59,1042.98,215.56,85.58,89.552
00:50.6,2099.83,1042.89,213.57,85.08,89.769
00:50.7,2101.07,1042.83,212.83,85.05,89.708
00:50.8,2102.31,1042.74,211.6,85.06,89.287
00:50.8,2103.55,1042.62,210.12,85.11,89.223
00:50.8,2104.79,1042.56,209.38,85.13,89.174
00:50.9,2106.02,1042.39,207.41,85.09,89.073
00:51.0,2107.26,1042.32,206.67,85.05,88.939
00:51.0,2108.49,1042.22,205.45,84.99,88.75
00:51.0,2109.72,1042.08,203.98,84.89,88.621
00:51.1,2110.94,1042.02,203.24,84.81,88.627
00:51.2,2112.17,1041.83,201.29,84.42,88.542
00:51.2,2113.4,1041.76,200.56,84.19,88.079
00:51.2,2114.62,1041.63,199.34,83.79,87.3
00:51.3,2115.84,1041.46,197.89,82.85,87.089
00:51.3,2117.05,1041.37,197.18,82.1,87.147
00:51.4,2118.25,1041.08,195.28,80.03,85.719
00:51.5,2119.43,1040.96,194.59,79.53,84.993
00:51.5,2120.6,1040.73,193.44,78.23,84.477
00:51.6,2121.76,1040.43,192.08,75.98,83.687
00:51.6,2122.91,1040.26,191.42,74.9,82.729
00:51.6,2124.04,1039.76,189.67,72.22,81.804
00:51.7,2125.17,1039.56,189.03,71.17,81.007
00:51.7,2126.28,1039.2,187.97,69.31,80.269
00:51.8,2127.39,1038.73,186.73,67,79.741
00:51.9,2128.49,1038.48,186.12,65.86,79.289
00:51.9,2129.59,1037.75,184.53,62.9,78.853
00:52.0,2130.67,1037.46,183.95,61.77,78.444
00:52.0,2131.76,1036.94,183,59.84,78.062
00:52.0,2132.84,1036.28,181.89,57.56,77.696
00:52.1,2133.91,1035.94,181.35,56.47,77.223
00:52.2,2134.97,1034.98,179.94,53.58,76.823
00:52.2,2136.03,1034.6,179.43,52.44,76.417
00:52.3,2137.09,1033.95,178.6,50.49,76.042
00:52.3,2138.14,1033.15,177.64,48.27,75.618
00:52.4,2139.18,1032.73,177.17,47.23,75.138
00:52.4,2140.22,1031.59,175.96,44.34,74.736
00:52.5,2141.25,1031.15,175.53,43.2,75.239
00:52.5,2142.28,1030.39,174.83,41.31,74.156
00:52.6,2143.31,1029.46,174.02,39.12,74.064
00:52.6,2144.34,1028.98,173.63,37.9,73.912
00:52.6,2145.38,1027.67,172.63,34.91,74.229
00:52.7,2146.41,1027.16,172.27,33.89,74.778
00:52.7,2147.45,1026.29,171.69,32.17,74.564
00:52.8,2148.5,1025.23,171.03,29.86,75.281
00:52.8,2149.55,1024.68,170.72,29.06,76.014
00:52.9,2150.61,1023.19,169.9,27.58,76.085
00:53.0,2151.68,1022.62,169.61,26.78,76.524
00:53.0,2152.76,1021.65,169.13,25.44,78.001
00:53.1,2153.85,1020.46,168.57,23.88,79.222
00:53.1,2154.96,1019.86,168.3,23.01,79.997
00:53.1,2156.07,1018.2,167.61,20.6,81.062
00:53.2,2157.21,1017.57,167.36,19.76,81.541
00:53.2,2158.35,1016.5,166.95,18.32,82.564
00:53.3,2159.5,1015.19,166.49,16.35,83.745
00:53.3,2160.67,1014.52,166.27,15.36,84.754
00:53.4,2161.86,1012.7,165.72,13.11,85.679
00:53.5,2163.06,1012.01,165.53,12.39,87.004
00:53.5,2164.28,1010.83,165.23,11.27,87.944
00:53.5,2165.51,1009.38,164.9,10.11,89.54
00:53.6,2166.77,1008.64,164.75,9.67,91.42
00:53.7,2168.06,1006.62,164.37,8.81,93.101
00:53.7,2169.36,1005.84,164.24,8.59,94.481
00:53.7,2170.69,1004.53,164.03,8.01,96.462
00:53.8,2172.04,1002.93,163.79,7.16,98.259
00:53.9,2173.41,1002.11,163.67,6.75,100.099
00:53.9,2174.8,999.9,163.39,5.58,101.305
00:53.9,2176.22,999.06,163.29,5.21,102.885
00:54.0,2177.66,997.63,163.13,4.67,104.823
00:54.1,2179.12,995.87,162.97,4.02,106.313
00:54.1,2180.62,994.98,162.9,3.64,107.851
00:54.2,2182.13,992.56,162.72,2.56,110.319
00:54.2,2183.67,991.64,162.67,2.17,111.995
00:54.3,2185.23,990.08,162.59,1.42,113.548
00:54.3,2186.82,988.18,162.51,0.41,115.492
00:54.3,2188.42,987.22,162.49,-0.13,117.073
00:54.4,2190.05,984.61,162.45,-1.52,118.373
00:54.5,2191.7,983.62,162.44,-2.01,119.581
00:54.5,2193.36,981.95,162.46,-2.77,121
00:54.5,2195.05,979.93,162.5,-3.44,122.637
00:54.6,2196.77,978.9,162.53,-3.72,123.784
00:54.6,2198.5,976.13,162.65,-4.13,125.658
00:54.7,2200.26,975.07,162.7,-4.15,127.846
00:54.7,2202.04,973.29,162.81,-4.12,129.522
00:54.8,2203.85,971.13,162.94,-4.09,130.294
00:54.9,2205.69,970.03,163.02,-4.1,130.388
00:54.9,2207.55,967.07,163.22,-4.2,131.418
00:55.0,2209.42,965.94,163.31,-4.24,133.028
00:55.0,2211.32,964.05,163.44,-4.32,135.683
00:55.1,2213.25,961.75,163.62,-4.45,137.801
00:55.1,2215.19,960.58,163.71,-4.52,138.149
00:55.1,2217.16,957.45,163.95,-4.66,138.701
00:55.2,2219.14,956.26,164.05,-4.72,140.533
00:55.3,2221.14,954.26,164.21,-4.85,142.889
00:55.3,2223.17,951.84,164.41,-5.06,144.814
00:55.3,2225.21,950.62,164.52,-5.2,146.712
00:55.4,2227.27,947.33,164.81,-5.47,147.818
00:55.5,2229.35,946.09,164.92,-5.62,149.432
00:55.5,2231.45,944,165.12,-5.77,149.163
00:55.6,2233.57,941.46,165.37,-5.87,150.555
00:55.6,2235.71,940.19,165.5,-5.91,153.075
00:55.7,2237.86,936.76,165.85,-6.09,154.879
00:55.7,2240.03,935.46,165.99,-6.15,155.804
00:55.7,2242.22,933.28,166.22,-6.23,157.037
00:55.8,2244.43,930.65,166.5,-6.36,158.77
00:55.8,2246.65,929.32,166.64,-6.44,159.887
00:55.9,2248.9,925.75,167.04,-6.56,159.384
00:56.0,2251.16,924.4,167.19,-6.57,159.651
00:56.0,2253.43,922.14,167.45,-6.59,162.676
00:56.0,2255.72,919.41,167.76,-6.63,164.651
00:56.1,2258.03,918.03,167.92,-6.63,166.04
00:56.1,2260.36,914.33,168.35,-6.63,166.14
00:56.2,2262.7,912.93,168.51,-6.62,165.756
00:56.3,2265.06,910.59,168.78,-6.59,166.488
00:56.3,2267.44,907.76,169.1,-6.56,167.489
00:56.4,2269.83,906.33,169.27,-6.55,168.551
00:56.4,2272.23,902.51,169.71,-6.57,171.298
00:56.5,2274.64,901.07,169.87,-6.58,172.802
00:56.5,2277.07,898.66,170.15,-6.62,173.904
00:56.5,2279.51,895.75,170.49,-6.67,175.363
00:56.6,2281.97,894.29,170.66,-6.67,174.815
00:56.7,2284.44,890.36,171.12,-6.71,176.211
00:56.7,2286.92,888.87,171.29,-6.73,178.006
00:56.8,2289.42,886.39,171.58,-6.73,179.477
00:56.8,2291.93,883.4,171.93,-6.66,180.71
00:56.8,2294.46,881.89,172.11,-6.6,181.53
00:56.9,2297.01,877.85,172.58,-6.45,179.793
00:57.0,2299.56,876.32,172.75,-6.4,181.238
00:57.0,2302.14,873.77,173.04,-6.33,182.733
00:57.1,2304.72,870.68,173.39,-6.22,184.161
00:57.1,2307.32,869.13,173.56,-6.14,184.979
00:57.2,2309.93,864.98,174.01,-5.91,186.305
00:57.2,2312.56,863.41,174.18,-5.77,187.613
00:57.2,2315.19,860.79,174.46,-5.58,187.083
00:57.3,2317.85,857.62,174.78,-5.48,186.964
00:57.3,2320.52,856.03,174.94,-5.46,187.802
00:57.4,2323.19,851.76,175.35,-5.47,189.709
00:57.4,2325.88,850.15,175.51,-5.47,191.65
00:57.5,2328.58,847.47,175.77,-5.45,193.042
00:57.5,2331.3,844.23,176.08,-5.43,194.411
00:57.6,2334.01,842.6,176.24,-5.42,195.529
00:57.6,2336.73,838.26,176.66,-5.25,195.796
00:57.7,2339.46,836.63,176.81,-5.13,195.358
00:57.8,2342.2,833.9,177.07,-4.87,196.564
00:57.8,2344.96,830.61,177.37,-4.57,197.855
00:57.9,2347.73,828.95,177.52,-4.52,198.297
00:57.9,2350.52,824.51,177.89,-4.49,197.72
00:58.0,2353.31,822.84,178.03,-4.31,200.259
00:58.0,2356.11,820.05,178.26,-3.69,200.903
00:58.0,2358.93,816.68,178.51,-3,202.194
00:58.1,2361.76,814.98,178.63,-2.94,201.244
00:58.1,2364.6,810.44,178.92,-3.13,201.086
00:58.2,2367.45,808.73,179.02,-3.21,202.67
00:58.2,2370.32,805.87,179.19,-3.28,204.324
00:58.3,2373.19,802.42,179.39,-3.24,205.594
00:58.3,2376.08,800.69,179.49,-3.13,206.397
00:58.4,2378.97,796.08,179.75,-2.79,206.659
00:58.5,2381.86,794.35,179.84,-2.68,206.781
00:58.5,2384.74,791.47,179.98,-2.52,206.601
00:58.6,2387.62,788.02,180.15,-2.33,206.275
00:58.6,2390.5,786.29,180.22,-2.24,205.853
00:58.7,2393.37,781.7,180.41,-2.01,205.695
00:58.7,2396.24,779.98,180.48,-1.9,205.077
00:58.7,2399.1,777.12,180.59,-1.65,204.948
00:58.8,2401.96,773.69,180.7,-1.06,204.752
00:58.8,2404.82,771.98,180.74,-0.81,204.312
00:58.9,2407.67,767.41,180.84,-0.28,204.379
00:59.0,2410.52,765.7,180.86,-0.12,204.132
00:59.0,2413.37,762.86,180.89,0.08,203.922
00:59.1,2416.21,759.45,180.9,0.35,203.474
00:59.1,2419.05,757.74,180.9,0.49,203.082
00:59.1,2421.89,753.21,180.88,0.89,202.533
00:59.2,2424.72,751.51,180.87,1.12,202.597
00:59.2,2427.54,748.68,180.83,1.54,202.231
00:59.3,2430.37,745.29,180.76,1.88,201.773
00:59.3,2433.19,743.6,180.72,2.05,201.642
00:59.4,2436,739.1,180.59,2.91,201.703
00:59.5,2438.82,737.41,180.52,3.17,201.071
00:59.5,2441.63,734.61,180.4,3.5,201.08
00:59.5,2444.43,731.24,180.22,3.96,200.937
00:59.6,2447.23,729.57,180.12,4.18,200.755
00:59.6,2450.03,725.1,179.83,4.71,199.738
00:59.7,2452.82,723.43,179.71,4.8,199.097
00:59.8,2455.61,720.65,179.49,5.37,199.24
00:59.8,2458.4,717.31,179.22,6.89,199.115
00:59.9,2461.18,715.65,179.07,7.47,198.421
00:59.9,2463.96,711.23,178.61,8.02,198.056
01:00.0,2466.72,709.58,178.42,8.15,197.913
01:00.0,2469.49,706.84,178.08,8.33,197.205
01:00.0,2472.24,703.57,177.65,8.49,196.805
01:00.1,2474.98,701.94,177.42,8.6,196.68
01:00.2,2477.71,697.62,176.8,8.92,196.46
01:00.2,2480.43,696.01,176.55,9.04,195.499
01:00.3,2483.13,693.34,176.14,9.25,193.825
01:00.3,2485.82,690.15,175.64,9.58,193.158
01:00.3,2488.5,688.56,175.38,9.92,192.425
01:00.4,2491.16,684.37,174.67,10.37,190.695
01:00.4,2493.8,682.81,174.4,10.37,189.392
01:00.5,2496.42,680.23,173.95,10.54,188.086
01:00.6,2499.02,677.16,173.39,10.87,187.198
01:00.6,2501.59,675.64,173.12,10.99,184.845
01:00.7,2504.14,671.64,172.37,11.07,182.895
01:00.7,2506.65,670.16,172.09,11.06,180.008
01:00.7,2509.14,667.72,171.62,11.03,178.198
01:00.8,2511.61,664.82,171.07,11.12,177.352
01:00.8,2514.04,663.39,170.79,11.15,175.03
01:00.9,2516.43,659.63,170.06,11.06,172.107
01:01.0,2518.8,658.24,169.79,11.05,169.4
01:01.0,2521.13,655.95,169.35,11.05,166.296
01:01.0,2523.44,653.23,168.82,11.08,163.342
01:01.1,2525.71,651.89,168.56,11.12,161.193
01:01.1,2527.95,648.39,167.88,11.22,160.751
01:01.2,2530.14,647.11,167.62,11.22,157.748
01:01.3,2532.29,645,167.21,11.17,154.51
01:01.3,2534.4,642.52,166.73,11.13,151.266
01:01.4,2536.47,641.3,166.49,11.12,148.028
01:01.4,2538.5,638.11,165.86,11.13,144.79
01:01.4,2540.5,636.94,165.63,11.13,141.546
01:01.5,2542.46,635.01,165.25,11.15,138.908
01:01.5,2544.39,632.75,164.81,11.18,136.931
01:01.6,2546.27,631.64,164.59,11.18,134.405
01:01.7,2548.13,628.73,164.02,11.17,132.824
01:01.7,2549.96,627.66,163.81,11.18,130.806
01:01.8,2551.76,625.89,163.46,11.18,128.641
01:01.8,2553.53,623.82,163.05,11.24,126.256
01:01.8,2555.27,622.79,162.85,11.3,124.392
01:01.9,2556.98,620.11,162.31,11.68,122.802
01:01.9,2558.66,619.13,162.1,11.99,121.309
01:02.0,2560.31,617.52,161.76,12.61,119.228
01:02.1,2561.93,615.63,161.33,13.5,116.866
01:02.1,2563.52,614.7,161.11,13.98,114.641
01:02.1,2565.08,612.28,160.49,15.42,112.383
01:02.2,2566.62,611.39,160.25,16.08,110.774
01:02.2,2568.13,609.93,159.84,17.29,109.154
01:02.3,2569.63,608.21,159.33,18.78,107.118
01:02.4,2571.1,607.37,159.06,19.56,105.943
01:02.4,2572.55,605.18,158.31,21.71,104.106
01:02.5,2573.97,604.38,158.02,22.58,102.916
01:02.5,2575.38,603.07,157.51,23.91,101.161
01:02.5,2576.77,601.54,156.86,25.29,99.709
01:02.6,2578.14,600.79,156.53,25.97,98.659
01:02.6,2579.49,598.84,155.59,27.78,97.154
01:02.7,2580.82,598.13,155.23,28.45,95.419
01:02.8,2582.14,596.97,154.61,29.62,94.42
01:02.8,2583.44,595.61,153.85,31.27,93.254
01:02.9,2584.72,594.95,153.45,32.13,92.237
01:02.9,2585.99,593.23,152.37,34.39,91.135
01:03.0,2587.24,592.61,151.95,35.28,89.803
01:03.0,2588.48,591.6,151.24,36.78,88.808
01:03.0,2589.7,590.43,150.36,38.63,87.663
01:03.1,2590.91,589.86,149.91,39.57,86.552
01:03.2,2592.1,588.39,148.69,42.18,85.792
01:03.2,2593.29,587.86,148.21,43.19,85.264
01:03.2,2594.47,587,147.41,44.88,84.746
01:03.3,2595.65,586,146.41,47,84.297
01:03.3,2596.82,585.51,145.91,47.99,83.818
01:03.4,2597.98,584.28,144.52,50.8,83.326
01:03.5,2599.14,583.83,143.99,52.12,83.143
01:03.5,2600.29,583.12,143.08,54.33,82.802
01:03.6,2601.43,582.32,141.97,56.57,82.432
01:03.6,2602.57,581.94,141.41,57.61,81.831
01:03.6,2603.71,581.1,140.06,59.93,81.575
01:03.7,2604.84,580.64,139.28,60.95,81.727
01:03.8,2605.98,580.09,138.28,62.08,81.73
01:03.8,2607.12,579.45,137.06,63.81,82.464
01:03.8,2608.28,579.15,136.44,64.91,83.098
01:03.9,2609.44,578.47,134.97,67.97,83.516
01:04.0,2610.61,578.1,134.1,69.43,84.678
01:04.0,2611.79,577.67,133,70.72,85.039
01:04.0,2612.99,577.19,131.65,72.44,85.978
01:04.1,2614.19,576.97,130.96,73.5,86.885
01:04.2,2615.41,576.46,129.33,75.7,87.904
01:04.2,2616.64,576.2,128.38,76.94,88.585
01:04.3,2617.88,575.89,127.18,78.66,89.787
01:04.3,2619.14,575.56,125.71,80.63,91.176
01:04.3,2620.4,575.41,124.96,81.44,92.191
01:04.4,2621.69,575.11,123.19,83.3,93.193
01:04.4,2622.98,574.96,122.16,84.39,93.69
01:04.5,2624.29,574.79,120.86,85.95,94.713
01:04.6,2625.61,574.63,119.28,87.9,95.436
01:04.6,2626.95,574.56,118.48,88.75,96.733
01:04.7,2628.3,574.47,116.59,90.33,97.939
01:04.7,2629.67,574.44,115.49,91.15,99.678
01:04.8,2631.07,574.44,114.1,92.09,100.47
01:04.8,2632.48,574.47,112.4,93.19,102.437
01:04.8,2633.91,574.5,111.54,93.71,103.694
01:04.9,2635.37,574.6,109.51,94.92,104.759
01:04.9,2636.83,574.67,108.34,95.74,106.3
01:05.0,2638.32,574.79,106.85,96.71,107.755
01:05.0,2639.83,574.96,105.05,97.79,109.166
01:05.1,2641.36,575.06,104.14,98.24,110.301
01:05.2,2642.89,575.33,102.01,98.81,111.003
01:05.2,2644.43,575.51,100.79,98.96,111.07
01:05.3,2645.96,575.73,99.27,99,110.246
01:05.3,2647.49,576.01,97.46,99.04,110.224
01:05.3,2649.02,576.15,96.55,99.15,110.222
01:05.4,2650.55,576.5,94.44,99.46,109.917
01:05.5,2652.08,576.7,93.24,99.59,109.792
01:05.5,2653.6,576.95,91.73,99.65,109.789
01:05.5,2655.12,577.25,89.93,99.57,109.819
01:05.6,2656.64,577.4,89.03,99.49,109.617
01:05.7,2658.16,577.75,86.93,99.2,108.865
01:05.7,2659.67,577.94,85.74,98.99,108.548
01:05.7,2661.16,578.17,84.26,98.6,107.512
01:05.8,2662.64,578.43,82.51,97.94,106.423
01:05.8,2664.11,578.55,81.64,97.53,105.638
01:05.9,2665.56,578.81,79.62,96.58,104.28
01:06.0,2666.99,578.94,78.49,96.03,103.204
01:06.0,2668.4,579.08,77.08,95.07,102.01
01:06.0,2669.8,579.22,75.42,93.64,99.847
01:06.1,2671.17,579.28,74.6,92.93,98.381
01:06.1,2672.53,579.37,72.7,90.8,97.288
01:06.2,2673.87,579.4,71.63,89.25,96.483
01:06.2,2675.19,579.4,70.3,87.27,95.509
01:06.3,2676.5,579.34,68.74,85.18,94.246
01:06.4,2677.79,579.3,67.97,84.31,92.842
01:06.4,2679.06,579.14,66.19,82.55,91.606
01:06.5,2680.31,579.02,65.2,81.53,90.324
01:06.5,2681.55,578.84,63.97,80.14,88.911
01:06.5,2682.78,578.6,62.52,78.52,87.883
01:06.6,2683.99,578.46,61.81,77.82,86.931
01:06.7,2685.19,578.11,60.17,76.14,86.052
01:06.7,2686.37,577.89,59.25,74.74,85.27
01:06.7,2687.54,577.59,58.11,72.85,84.144
01:06.8,2688.7,577.19,56.78,70.92,83.159
01:06.8,2689.85,576.97,56.13,70.05,82.57
01:06.9,2690.98,576.43,54.64,67.86,81.664
01:07.0,2692.11,576.09,53.8,66.54,80.888
01:07.0,2693.23,575.64,52.78,64.84,80.229
01:07.1,2694.34,575.07,51.58,62.58,79.805
01:07.1,2695.44,574.76,50.99,61.38,79.606
01:07.2,2696.54,574.01,49.66,58.79,79.095
01:07.2,2697.63,573.56,48.91,57.49,78.627
01:07.2,2698.72,572.96,48,55.84,78.129
01:07.3,2699.8,572.22,46.93,53.28,77.855
01:07.3,2700.88,571.84,46.42,51.87,77.592
01:07.4,2701.95,570.91,45.24,48.96,76.899
01:07.5,2703.02,570.36,44.58,47.56,77.278
01:07.5,2704.09,569.64,43.79,46.03,77.348
01:07.5,2705.17,568.74,42.85,44.11,77.87
01:07.6,2706.26,568.28,42.39,43.03,78.413
01:07.6,2707.36,567.16,41.34,39.87,79.002
01:07.7,2708.46,566.49,40.75,38.31,79.841
01:07.8,2709.58,565.63,40.05,36.79,80.214
01:07.8,2710.7,564.55,39.23,35.1,81.086
01:07.8,2711.84,564,38.84,34.07,82.304
01:07.9,2712.99,562.67,37.94,31.71,82.96
01:07.9,2714.15,561.88,37.45,30.47,83.363
01:08.0,2715.32,560.87,36.85,28.84,84.688
01:08.0,2716.51,559.62,36.16,26.61,85.899
01:08.1,2717.71,558.98,35.82,25.53,87.324
01:08.2,2718.93,557.44,35.07,23.2,88.728
01:08.2,2720.18,556.53,34.67,22,90.584
01:08.3,2721.44,555.37,34.18,20.83,91.611
01:08.3,2722.73,553.93,33.61,19.83,93.312
01:08.3,2724.04,553.19,33.33,19.36,95.317
01:08.4,2725.38,551.43,32.7,18.5,97.02
01:08.5,2726.73,550.41,32.34,17.99,97.972
01:08.5,2728.1,549.1,31.91,16.81,99.66
01:08.5,2729.5,547.51,31.41,15.39,100.652
01:08.6,2730.91,546.69,31.17,14.88,102.522
01:08.7,2732.35,544.76,30.63,13.76,104.045
01:08.7,2733.81,543.62,30.33,13.23,105.751
01:08.7,2735.29,542.18,29.98,12.33,107.747
01:08.8,2736.8,540.42,29.57,11.23,109.886
01:08.8,2738.33,539.52,29.37,10.78,111.855
01:08.9,2739.89,537.38,28.94,9.8,113.802
01:09.0,2741.47,536.13,28.71,9.21,115.546
01:09.0,2743.08,534.55,28.43,8.67,117.183
01:09.0,2744.71,532.61,28.12,7.84,118.453
01:09.1,2746.37,531.63,27.97,7.36,119.951
01:09.1,2748.04,529.31,27.65,6.53,121.819
01:09.2,2749.75,527.95,27.47,6.15,123.268
01:09.3,2751.47,526.24,27.27,5.73,124.996
01:09.3,2753.22,524.15,27.05,5.05,126.842
01:09.3,2754.98,523.1,26.95,4.75,127.663
01:09.4,2756.78,520.6,26.72,4.29,128.768
01:09.4,2758.59,519.15,26.61,3.93,131.559
01:09.5,2760.42,517.32,26.47,3.46,133.246
01:09.6,2762.28,515.1,26.32,2.78,134.681
01:09.6,2764.15,513.98,26.25,2.37,136.213
01:09.7,2766.05,511.32,26.12,1.63,135.808
01:09.7,2767.97,509.79,26.06,1.51,135.677
01:09.8,2769.91,507.85,26,1.48,137.023
01:09.8,2771.87,505.49,25.93,1.48,139.361
01:09.9,2773.85,504.31,25.89,1.48,142.458
01:09.9,2775.83,501.53,25.82,1.44,143.226
01:10.0,2777.82,499.94,25.77,1.33,143.331
01:10.0,2779.82,497.94,25.72,1.13,144.237
01:10.0,2781.85,495.5,25.66,1.02,146.13
01:10.1,2783.9,494.28,25.64,1.02,147.408
01:10.2,2785.96,491.39,25.58,1.06,148.216
01:10.2,2788.04,489.73,25.55,1.07,150.066
01:10.2,2790.13,487.64,25.51,1.09,151.144
01:10.3,2792.23,485.11,25.46,1.11,151.983
01:10.4,2794.36,483.83,25.44,1.12,153.329
01:10.4,2796.51,480.83,25.38,1.11,154.855
01:10.5,2798.67,479.09,25.35,1.08,154.733
01:10.5,2800.86,476.91,25.31,1.04,155.056
01:10.5,2803.06,474.26,25.26,0.98,156.237
01:10.6,2805.28,472.93,25.24,0.96,158.676
01:10.7,2807.52,469.8,25.18,0.9,160.61
01:10.7,2809.77,468,25.16,0.85,162.402
01:10.7,2812.04,465.73,25.12,0.8,162.884
01:10.8,2814.33,462.98,25.08,0.76,163.256
01:10.8,2816.64,461.59,25.06,0.73,163.641
01:10.9,2818.96,458.34,25.02,0.69,164.221
01:11.0,2821.3,456.47,24.99,0.69,166.601
01:11.0,2823.65,454.12,24.96,0.68,168.219
01:11.1,2826.03,451.27,24.93,0.68,168.432
01:11.1,2828.41,449.84,24.91,0.69,169.519
01:11.2,2830.81,446.47,24.87,0.74,171.383
01:11.2,2833.23,444.54,24.85,0.78,172.946
01:11.2,2835.66,442.11,24.82,0.86,174.34
01:11.3,2838.1,439.18,24.78,0.98,175.784
01:11.3,2840.57,437.7,24.75,1.02,175.076
01:11.4,2843.05,434.23,24.7,1.06,175.647
01:11.5,2845.54,432.23,24.66,1.1,177.499
01:11.5,2848.05,429.72,24.62,1.15,177.74
01:11.5,2850.57,426.69,24.56,1.18,179.33
01:11.6,2853.11,425.17,24.53,1.2,181.115
01:11.7,2855.66,421.6,24.46,1.26,182.259
01:11.7,2858.23,419.55,24.42,1.29,183.528
01:11.8,2860.81,416.97,24.36,1.35,184.367
01:11.8,2863.4,413.85,24.29,1.42,184.097
01:11.8,2866.01,412.28,24.25,1.44,185.052
01:11.9,2868.64,408.61,24.16,1.49,187.005
01:11.9,2871.27,406.5,24.11,1.51,188
