,sLapDistance,xCarX,xCarY,aYaw,vCar,,,
00:00.0,1.77,-3.12,-37.34,-89.52,171.68,,,
00:00.1,4.16,-3.14,-34.94,-89.52,172.78,,,
00:00.1,6.57,-3.16,-32.54,-89.54,173.94,,,
00:00.2,9,-3.18,-30.11,-89.56,175.14,,,
00:00.2,11.44,-3.2,-27.67,-89.58,176.23,,,
00:00.3,13.89,-3.21,-25.22,-89.6,177.19,,,
00:00.3,16.36,-3.23,-22.75,-89.62,178.11,,,
00:00.4,18.84,-3.25,-20.27,-89.64,179.29,,,
00:00.4,21.34,-3.26,-17.77,-89.64,180.61,,,
00:00.5,23.85,-3.28,-15.25,-89.63,181.69,,,
00:00.5,26.38,-3.3,-12.72,-89.61,182.69,,,
00:00.6,28.93,-3.31,-10.18,-89.61,183.5,,,
00:00.6,31.48,-3.33,-7.62,-89.6,184.66,,,
00:00.7,34.05,-3.35,-5.06,-89.6,184.94,,,
00:00.7,36.62,-3.36,-2.49,-89.59,184.78,,,
00:00.8,39.18,-3.38,0.08,-89.55,184.64,,,
00:00.8,41.75,-3.4,2.64,-89.51,184.42,,,
00:00.9,44.31,-3.41,5.2,-89.5,184.23,,,
00:00.9,46.86,-3.43,7.76,-89.51,184.07,,,
00:01.0,49.42,-3.46,10.31,-89.51,183.91,,,
00:01.0,51.97,-3.48,12.87,-89.53,183.72,,,
00:01.1,54.52,-3.5,15.42,-89.56,183.55,,,
00:01.1,57.07,-3.52,17.96,-89.58,183.35,,,
00:01.2,59.62,-3.53,20.51,-89.59,183.15,,,
00:01.2,62.16,-3.55,23.05,-89.61,182.94,,,
00:01.3,64.7,-3.57,25.59,-89.64,182.68,,,
00:01.3,67.23,-3.59,28.13,-89.67,182.42,,,
00:01.4,69.77,-3.6,30.66,-89.7,182.18,,,
00:01.4,72.29,-3.61,33.19,-89.71,181.97,,,
00:01.5,74.82,-3.63,35.71,-89.74,181.76,,,
00:01.5,77.34,-3.64,38.24,-89.77,181.51,,,
00:01.6,79.86,-3.65,40.75,-89.78,181.29,,,
00:01.6,82.38,-3.66,43.27,-89.78,181.07,,,
00:01.7,84.89,-3.67,45.78,-89.81,180.84,,,
00:01.7,87.4,-3.68,48.29,-89.82,180.59,,,
00:01.8,89.91,-3.68,50.8,-89.83,180.38,,,
00:01.8,92.41,-3.69,53.3,-89.85,180.15,,,
00:01.9,94.91,-3.7,55.81,-89.87,179.91,,,
00:01.9,97.41,-3.7,58.3,-89.88,179.69,,,
00:02.0,99.9,-3.71,60.8,-89.87,179.49,,,
00:02.0,102.4,-3.71,63.29,-89.84,179.26,,,
00:02.0,104.88,-3.72,65.77,-89.78,178.69,,,
00:02.1,107.36,-3.73,68.25,-89.71,177.48,,,
00:02.2,109.81,-3.74,70.7,-89.64,175.94,,,
00:02.2,112.24,-3.75,73.14,-89.59,174.29,,,
00:02.3,114.65,-3.76,75.55,-89.51,172.89,,,
00:02.3,117.04,-3.78,77.94,-89.38,171.39,,,
00:02.4,119.41,-3.8,80.31,-89.23,169.51,,,
00:02.4,121.75,-3.82,82.64,-89.18,167.37,,,
00:02.5,124.06,-3.85,84.96,-89.2,165.48,,,
00:02.5,126.35,-3.87,87.24,-89.19,163.92,,,
00:02.6,128.61,-3.9,89.51,-89.14,161.9,,,
00:02.6,130.85,-3.93,91.74,-89.09,159.67,,,
00:02.7,133.05,-3.96,93.94,-89.04,157.51,,,
00:02.7,135.22,-4,96.11,-89.03,155.45,,,
00:02.8,137.37,-4.03,98.26,-89.01,153.51,,,
00:02.8,139.49,-4.06,100.38,-88.98,151.86,,,
00:02.9,141.59,-4.1,102.48,-88.96,150.27,,,
00:02.9,143.66,-4.13,104.55,-88.94,148.68,,,
00:03.0,145.71,-4.16,106.6,-88.95,146.68,,,
00:03.0,147.74,-4.2,108.63,-88.97,144.45,,,
00:03.1,149.73,-4.23,110.62,-89,142.23,,,
00:03.1,151.69,-4.26,112.58,-89.05,140.16,,,
00:03.2,153.62,-4.29,114.51,-89.11,138.35,,,
00:03.2,155.53,-4.32,116.42,-89.17,136.53,,,
00:03.3,157.41,-4.35,118.3,-89.19,134.51,,,
00:03.3,159.27,-4.37,120.16,-89.14,132.53,,,
00:03.4,161.1,-4.4,121.98,-89.05,130.64,,,
00:03.4,162.9,-4.43,123.78,-89,128.68,,,
00:03.5,164.67,-4.46,125.56,-88.97,126.82,,,
00:03.5,166.42,-4.49,127.31,-88.98,125.02,,,
00:03.6,168.14,-4.51,129.03,-89.01,123.5,,,
00:03.6,169.85,-4.54,130.74,-89.05,121.78,,,
00:03.7,171.53,-4.57,132.42,-89.11,120.02,,,
00:03.7,173.18,-4.59,134.07,-89.16,118.26,,,
00:03.8,174.81,-4.61,135.7,-89.2,116.54,,,
00:03.8,176.42,-4.63,137.31,-89.23,114.88,,,
00:03.9,178,-4.65,138.89,-89.26,113.27,,,
00:03.9,179.57,-4.67,140.45,-89.28,111.69,,,
00:04.0,181.11,-4.69,141.99,-89.3,110.1,,,
00:04.0,182.63,-4.71,143.51,-89.32,108.49,,,
00:04.0,184.12,-4.73,145.01,-89.27,106.96,,,
00:04.1,185.6,-4.74,146.48,-89.19,105.47,,,
00:04.2,187.05,-4.76,147.94,-89.05,103.91,,,
00:04.2,188.48,-4.79,149.37,-88.84,102.22,,,
00:04.3,189.89,-4.82,150.78,-88.56,100.65,,,
00:04.3,191.28,-4.86,152.16,-88.1,99.15,,,
00:04.4,192.64,-4.91,153.53,-87.4,97.66,,,
00:04.4,193.99,-4.97,154.87,-86.5,96.15,,,
00:04.5,195.32,-5.05,156.2,-85.55,94.64,,,
00:04.5,196.62,-5.15,157.5,-84.59,93.26,,,
00:04.6,197.91,-5.27,158.78,-83.66,92.17,,,
00:04.6,199.18,-5.41,160.05,-82.77,91.3,,,
00:04.7,200.45,-5.57,161.3,-81.91,90.53,,,
00:04.7,201.7,-5.75,162.54,-81.09,89.83,,,
00:04.8,202.94,-5.95,163.76,-80.27,89.16,,,
00:04.8,204.17,-6.16,164.98,-79.34,88.49,,,
00:04.9,205.4,-6.4,166.18,-78.28,87.76,,,
00:04.9,206.61,-6.65,167.37,-77.13,86.99,,,
00:05.0,207.82,-6.92,168.54,-75.87,86.19,,,
00:05.0,209.01,-7.22,169.69,-74.5,85.36,,,
00:05.1,210.19,-7.54,170.83,-73.08,84.51,,,
00:05.1,211.35,-7.88,171.94,-71.69,83.55,,,
00:05.2,212.51,-8.24,173.04,-70.29,82.5,,,
00:05.2,213.65,-8.62,174.11,-68.9,81.5,,,
00:05.2,214.77,-9.03,175.16,-67.61,80.55,,,
00:05.3,215.88,-9.45,176.19,-66.47,79.57,,,
00:05.3,216.98,-9.89,177.2,-65.38,78.54,,,
00:05.4,218.06,-10.35,178.18,-64.23,77.44,,,
00:05.5,219.13,-10.81,179.14,-63.02,76.37,,,
00:05.5,220.19,-11.3,180.07,-61.78,75.34,,,
00:05.6,221.23,-11.8,180.99,-60.56,74.31,,,
00:05.6,222.25,-12.31,181.88,-59.25,73.29,,,
00:05.7,223.26,-12.84,182.74,-57.75,72.35,,,
00:05.7,224.26,-13.38,183.57,-56.2,71.49,,,
00:05.8,225.25,-13.94,184.39,-54.68,70.69,,,
00:05.8,226.23,-14.52,185.18,-53.22,69.93,,,
00:05.8,227.2,-15.11,185.94,-51.68,69.2,,,
00:05.9,228.15,-15.71,186.68,-50.07,68.55,,,
00:05.9,229.1,-16.33,187.4,-48.38,68.01,,,
00:06.0,230.05,-16.97,188.09,-46.65,67.6,,,
00:06.0,230.98,-17.62,188.77,-44.92,67.27,,,
00:06.1,231.92,-18.28,189.42,-43.22,66.95,,,
00:06.2,232.85,-18.97,190.04,-41.54,66.63,,,
00:06.2,233.77,-19.67,190.65,-39.89,66.32,,,
00:06.2,234.69,-20.38,191.22,-38.28,66,,,
00:06.3,235.61,-21.11,191.78,-36.69,65.71,,,
00:06.4,236.52,-21.85,192.31,-35.11,65.42,,,
00:06.4,237.42,-22.6,192.82,-33.51,65.14,,,
00:06.4,238.33,-23.36,193.3,-31.87,64.85,,,
00:06.5,239.23,-24.13,193.76,-30.13,64.56,,,
00:06.6,240.12,-24.91,194.2,-28.29,64.26,,,
00:06.6,241.02,-25.7,194.61,-26.43,63.97,,,
00:06.7,241.91,-26.5,194.99,-24.62,63.81,,,
00:06.7,242.79,-27.32,195.34,-22.93,64.01,,,
00:06.8,243.69,-28.14,195.68,-21.46,64.46,,,
00:06.8,244.59,-28.99,195.99,-20.11,64.99,,,
00:06.8,245.49,-29.84,196.28,-18.69,65.56,,,
00:06.9,246.41,-30.72,196.56,-17.15,66.17,,,
00:07.0,247.34,-31.61,196.81,-15.6,66.76,,,
00:07.0,248.27,-32.51,197.04,-14.09,67.35,,,
00:07.0,249.21,-33.42,197.25,-12.67,67.94,,,
00:07.1,250.16,-34.35,197.44,-11.32,68.36,,,
00:07.1,251.11,-35.29,197.6,-9.98,68.26,,,
00:07.2,252.05,-36.22,197.74,-8.42,68.04,,,
00:07.3,253,-37.16,197.86,-6.9,67.84,,,
00:07.3,253.94,-38.09,197.97,-5.84,67.66,,,
00:07.3,254.88,-39.03,198.06,-5.25,67.48,,,
00:07.4,255.82,-39.96,198.14,-4.99,67.3,,,
00:07.5,256.75,-40.89,198.22,-4.92,67.12,,,
00:07.5,257.68,-41.82,198.3,-5.06,66.94,,,
00:07.5,258.61,-42.74,198.39,-5.49,66.75,,,
00:07.6,259.54,-43.66,198.5,-6.24,66.55,,,
00:07.6,260.46,-44.57,198.61,-7.35,66.32,,,
00:07.7,261.38,-45.48,198.75,-8.76,66.06,,,
00:07.8,262.3,-46.38,198.92,-10.37,65.76,,,
00:07.8,263.21,-47.27,199.1,-12.22,65.43,,,
00:07.8,264.12,-48.15,199.32,-14.21,65.13,,,
00:07.9,265.03,-49.02,199.56,-16.13,64.83,,,
00:08.0,265.93,-49.88,199.83,-17.98,64.5,,,
00:08.0,266.82,-50.72,200.13,-19.83,64.17,,,
00:08.1,267.71,-51.55,200.45,-21.73,63.85,,,
00:08.1,268.6,-52.36,200.8,-23.6,63.55,,,
00:08.1,269.48,-53.16,201.17,-25.34,63.25,,,
00:08.2,270.36,-53.94,201.56,-27.05,62.94,,,
00:08.3,271.23,-54.71,201.98,-28.77,62.64,,,
00:08.3,272.1,-55.46,202.41,-30.58,62.32,,,
00:08.3,272.97,-56.2,202.87,-32.51,61.99,,,
00:08.4,273.83,-56.91,203.34,-34.48,61.68,,,
00:08.4,274.69,-57.6,203.84,-36.36,61.37,,,
00:08.5,275.54,-58.28,204.36,-38.11,61.06,,,
00:08.6,276.39,-58.93,204.9,-39.83,60.74,,,
00:08.6,277.23,-59.56,205.45,-41.62,60.44,,,
00:08.7,278.07,-60.17,206.03,-43.48,60.28,,,
00:08.7,278.91,-60.76,206.62,-45.33,60.35,,,
00:08.8,279.75,-61.33,207.23,-47.12,60.54,,,
00:08.8,280.6,-61.89,207.87,-48.86,60.84,,,
00:08.8,281.45,-62.43,208.52,-50.58,61.25,,,
00:08.9,282.31,-62.95,209.2,-52.3,61.78,,,
00:08.9,283.17,-63.46,209.89,-53.9,62.35,,,
00:09.0,284.04,-63.96,210.61,-55.38,62.93,,,
00:09.0,284.92,-64.43,211.34,-56.86,63.56,,,
00:09.1,285.81,-64.9,212.1,-58.44,64.22,,,
00:09.2,286.71,-65.35,212.87,-60.05,64.88,,,
00:09.2,287.62,-65.78,213.67,-61.65,65.53,,,
00:09.3,288.53,-66.19,214.49,-63.2,66.2,,,
00:09.3,289.46,-66.59,215.32,-64.71,66.87,,,
00:09.3,290.39,-66.97,216.17,-66.21,67.52,,,
00:09.4,291.34,-67.33,217.04,-67.7,68.19,,,
00:09.5,292.29,-67.68,217.93,-69.21,68.9,,,
00:09.5,293.25,-68,218.83,-70.75,69.65,,,
00:09.6,294.23,-68.31,219.76,-72.26,70.41,,,
00:09.6,295.21,-68.59,220.7,-73.71,71.19,,,
00:09.7,296.2,-68.86,221.66,-75.09,71.98,,,
00:09.7,297.21,-69.1,222.63,-76.48,72.81,,,
00:09.8,298.23,-69.32,223.63,-77.91,73.64,,,
00:09.8,299.26,-69.52,224.63,-79.33,74.45,,,
00:09.8,300.3,-69.7,225.66,-80.68,75.24,,,
00:09.9,301.35,-69.86,226.7,-81.94,76.03,,,
00:10.0,302.41,-69.99,227.75,-83.26,76.85,,,
00:10.0,303.48,-70.11,228.82,-84.46,77.58,,,
00:10.1,304.56,-70.21,229.89,-85.1,78.18,,,
00:10.1,305.65,-70.31,230.98,-85.35,78.68,,,
00:10.2,306.73,-70.4,232.07,-85.51,78.89,,,
00:10.2,307.83,-70.5,233.16,-85.81,79.6,,,
00:10.2,308.94,-70.59,234.26,-86.37,80.01,,,
00:10.3,310.05,-70.67,235.37,-87.14,80.31,,,
00:10.4,311.18,-70.75,236.48,-87.49,80.63,,,
00:10.4,312.3,-70.8,237.6,-87.5,80.57,,,
00:10.5,313.42,-70.85,238.71,-87.6,80.4,,,
00:10.5,314.54,-70.9,239.83,-87.63,80.38,,,
00:10.6,315.66,-70.94,240.94,-87.56,80.36,,,
00:10.6,316.76,-70.99,242.06,-87.72,80.34,,,
00:10.7,317.88,-71.03,243.17,-88.33,80.36,,,
00:10.7,319,-71.07,244.29,-89.17,80.38,,,
00:10.7,320.11,-71.09,245.4,-89.8,80.36,,,
00:10.8,321.23,-71.1,246.51,-90.22,80.34,,,
00:10.9,322.35,-71.09,247.63,-90.77,80.32,,,
00:10.9,323.46,-71.07,248.74,-91.47,80.3,,,
00:11.0,324.58,-71.03,249.85,-92.31,80.29,,,
00:11.0,325.7,-70.97,250.97,-93.28,80.28,,,
00:11.1,326.81,-70.89,252.08,-94.26,80.26,,,
00:11.1,327.92,-70.8,253.19,-95.29,80.22,,,
00:11.2,329.04,-70.69,254.3,-96.61,80.16,,,
00:11.2,330.15,-70.55,255.4,-98.2,80.09,,,
00:11.3,331.26,-70.39,256.5,-99.8,80.03,,,
00:11.3,332.38,-70.2,257.59,-101.16,79.86,,,
00:11.4,333.48,-69.98,258.67,-102.43,79.46,,,
00:11.4,334.58,-69.73,259.74,-103.81,78.92,,,
00:11.5,335.67,-69.46,260.8,-105.4,78.33,,,
00:11.5,336.76,-69.17,261.84,-107.09,77.76,,,
00:11.6,337.84,-68.85,262.87,-108.78,77.23,,,
00:11.6,338.91,-68.51,263.88,-110.23,76.68,,,
00:11.6,339.97,-68.14,264.88,-111.44,76.05,,,
00:11.7,341.02,-67.75,265.85,-112.73,75.44,,,
00:11.7,342.06,-67.34,266.81,-114.26,74.91,,,
00:11.8,343.1,-66.91,267.75,-115.89,74.38,,,
00:11.8,344.13,-66.46,268.68,-117.45,73.84,,,
00:11.9,345.15,-65.99,269.58,-119.04,73.24,,,
00:11.9,346.17,-65.49,270.46,-120.71,72.68,,,
00:12.0,347.18,-64.97,271.32,-122.32,72.15,,,
00:12.0,348.18,-64.42,272.16,-123.88,71.66,,,
00:12.1,349.17,-63.86,272.97,-125.42,71.26,,,
00:12.2,350.16,-63.27,273.77,-127.08,70.96,,,
00:12.2,351.15,-62.66,274.54,-128.86,70.69,,,
00:12.3,352.13,-62.02,275.29,-130.73,70.41,,,
00:12.3,353.11,-61.37,276.01,-132.62,70.14,,,
00:12.4,354.09,-60.7,276.72,-134.46,69.85,,,
00:12.4,355.06,-60.01,277.39,-136.25,69.56,,,
00:12.4,356.02,-59.3,278.05,-138,69.25,,,
00:12.5,356.98,-58.58,278.67,-139.81,68.94,,,
00:12.6,357.94,-57.83,279.28,-141.68,68.65,,,
00:12.6,358.9,-57.08,279.85,-143.45,68.4,,,
00:12.7,359.85,-56.3,280.4,-144.97,68.39,,,
00:12.7,360.8,-55.52,280.94,-146.5,68.67,,,
00:12.8,361.76,-54.71,281.45,-148.28,69.19,,,
00:12.8,362.73,-53.88,281.94,-150.15,69.78,,,
00:12.9,363.7,-53.03,282.42,-151.93,70.31,,,
00:12.9,364.68,-52.16,282.87,-153.46,70.92,,,
00:12.9,365.67,-51.27,283.3,-154.71,71.5,,,
00:13.0,366.67,-50.36,283.72,-155.84,72.03,,,
00:13.1,367.67,-49.44,284.11,-157.02,72.66,,,
00:13.1,368.69,-48.5,284.49,-158.35,73.35,,,
00:13.1,369.71,-47.54,284.86,-159.87,74.13,,,
00:13.2,370.75,-46.57,285.21,-161.5,74.99,,,
00:13.2,371.79,-45.58,285.55,-163.12,75.9,,,
00:13.3,372.86,-44.56,285.86,-164.63,76.8,,,
00:13.3,373.93,-43.53,286.14,-165.96,77.72,,,
00:13.4,375.02,-42.47,286.4,-167.23,78.7,,,
00:13.4,376.12,-41.4,286.64,-168.5,79.72,,,
00:13.5,377.23,-40.31,286.85,-169.67,80.78,,,
00:13.6,378.36,-39.19,287.05,-170.63,81.86,,,
00:13.6,379.51,-38.06,287.23,-171.51,82.95,,,
00:13.6,380.67,-36.92,287.39,-172.53,84.09,,,
00:13.7,381.84,-35.75,287.53,-173.76,85.19,,,
00:13.8,383.03,-34.56,287.66,-175.19,86.27,,,
00:13.8,384.24,-33.36,287.77,-176.72,87.38,,,
00:13.9,385.46,-32.15,287.85,-178.26,88.55,,,
00:13.9,386.7,-30.91,287.91,-107.67,89.78,,,
00:14.0,387.95,-29.66,287.94,179.4,90.42,,,
00:14.0,389.21,-28.4,287.95,179.08,90.43,,,
00:14.1,390.46,-27.15,287.94,178.99,90.34,,,
00:14.1,391.72,-25.89,287.92,179,90.26,,,
00:14.2,392.97,-24.64,287.9,179.08,90.17,,,
00:14.2,394.22,-23.39,287.89,179.24,90.1,,,
00:14.3,395.47,-22.14,287.87,179.49,90.02,,,
00:14.3,396.72,-20.89,287.87,107.86,89.93,,,
00:14.3,397.97,-19.64,287.87,-179.66,89.84,,,
00:14.4,399.22,-18.39,287.88,-179.09,89.74,,,
00:14.5,400.46,-17.15,287.91,-178.41,89.64,,,
00:14.5,401.71,-15.9,287.96,-177.58,89.54,,,
00:14.6,402.95,-14.66,288.02,-176.64,89.43,,,
00:14.6,404.19,-13.42,288.1,-175.64,89.32,,,
00:14.6,405.43,-12.19,288.2,-174.59,89.15,,,
00:14.7,406.67,-10.96,288.32,-173.38,88.68,,,
00:14.7,407.9,-9.74,288.47,-171.95,87.96,,,
00:14.8,409.11,-8.54,288.65,-170.48,87.16,,,
00:14.8,410.32,-7.35,288.85,-169.06,86.34,,,
00:14.9,411.51,-6.18,289.07,-167.56,85.54,,,
00:14.9,412.69,-5.02,289.32,-165.98,84.84,,,
00:15.0,413.86,-3.88,289.59,-164.58,84.13,,,
00:15.0,415.03,-2.75,289.88,-163.39,83.34,,,
00:15.1,416.18,-1.64,290.2,-162.17,82.5,,,
00:15.1,417.32,-0.56,290.54,-160.86,81.72,,,
00:15.2,418.45,0.51,290.91,-159.57,80.93,,,
00:15.2,419.57,1.56,291.29,-158.32,80.14,,,
00:15.3,420.67,2.59,291.7,-157.1,79.41,,,
00:15.3,421.77,3.6,292.13,-155.91,78.74,,,
00:15.4,422.86,4.59,292.58,-154.69,78.12,,,
00:15.4,423.94,5.57,293.05,-153.33,77.54,,,
00:15.5,425.02,6.52,293.54,-151.8,77.02,,,
00:15.6,426.08,7.46,294.05,-150.17,76.49,,,
00:15.6,427.14,8.38,294.57,-148.6,75.88,,,
00:15.7,428.19,9.27,295.12,-147.1,75.15,,,
00:15.7,429.23,10.14,295.69,-145.63,74.36,,,
00:15.8,430.26,10.99,296.27,-144.18,73.6,,,
00:15.8,431.28,11.81,296.87,-142.8,72.9,,,
00:15.9,432.28,12.61,297.49,-141.47,72.22,,,
00:15.9,433.28,13.38,298.12,-140.06,71.55,,,
00:16.0,434.27,14.13,298.76,-138.56,70.91,,,
00:16.0,435.25,14.86,299.42,-137.03,70.28,,,
00:16.1,436.23,15.57,300.09,-135.51,69.69,,,
00:16.1,437.19,16.25,300.77,-134,69.17,,,
00:16.1,438.15,16.91,301.46,-132.41,68.76,,,
00:16.2,439.1,17.54,302.18,-130.76,68.44,,,
00:16.3,440.05,18.15,302.9,-129.11,68.12,,,
00:16.3,441,18.73,303.64,-127.45,67.79,,,
00:16.3,441.94,19.29,304.4,-125.8,67.46,,,
00:16.4,442.88,19.82,305.17,-124.16,67.13,,,
00:16.5,443.81,20.33,305.95,-122.56,66.81,,,
00:16.5,444.73,20.81,306.74,-120.99,66.5,,,
00:16.6,445.66,21.27,307.53,-119.39,66.18,,,
00:16.6,446.57,21.71,308.34,-117.72,65.88,,,
00:16.6,447.49,22.12,309.16,-116.04,65.59,,,
00:16.7,448.4,22.5,309.98,-114.41,65.28,,,
00:16.7,449.3,22.86,310.81,-112.75,64.96,,,
00:16.8,450.2,23.2,311.64,-111.01,64.62,,,
00:16.9,451.1,23.51,312.48,-109.22,64.28,,,
00:16.9,451.99,23.79,313.33,-107.46,63.94,,,
00:16.9,452.88,24.04,314.18,-105.75,63.6,,,
00:17.0,453.76,24.26,315.03,-104.05,63.25,,,
00:17.0,454.64,24.45,315.89,-102.32,62.92,,,
00:17.1,455.52,24.61,316.74,-100.6,62.62,,,
00:17.1,456.38,24.75,317.6,-99.04,62.36,,,
00:17.2,457.25,24.87,318.45,-97.63,62.08,,,
00:17.3,458.11,24.96,319.31,-96.09,61.76,,,
00:17.3,458.96,25.03,320.16,-94.31,61.46,,,
00:17.4,459.81,25.08,321.01,-92.4,61.2,,,
00:17.4,460.66,25.11,321.86,-90.57,60.95,,,
00:17.5,461.51,25.11,322.7,-88.91,60.64,,,
00:17.5,462.35,25.09,323.54,-87.24,60.3,,,
00:17.6,463.18,25.04,324.38,-85.52,59.99,,,
00:17.6,464.02,24.96,325.2,-83.82,59.71,,,
00:17.6,464.85,24.85,326.02,-82.17,59.44,,,
00:17.7,465.67,24.72,326.84,-80.55,59.16,,,
00:17.7,466.49,24.56,327.64,-78.85,58.88,,,
00:17.8,467.31,24.38,328.44,-77.06,58.62,,,
00:17.8,468.13,24.17,329.22,-75.22,58.35,,,
00:17.9,468.94,23.93,330,-73.31,58.09,,,
00:17.9,469.75,23.68,330.76,-71.38,57.83,,,
00:18.0,470.55,23.39,331.51,-69.43,57.58,,,
00:18.0,471.35,23.09,332.25,-67.5,57.32,,,
00:18.1,472.15,22.76,332.97,-65.59,57.06,,,
00:18.1,472.94,22.41,333.68,-63.66,56.79,,,
00:18.2,473.73,22.04,334.37,-61.7,56.53,,,
00:18.3,474.52,21.64,335.05,-59.74,56.27,,,
00:18.3,475.3,21.23,335.71,-57.79,56.01,,,
00:18.4,476.08,20.79,336.35,-55.83,55.75,,,
00:18.4,476.86,20.33,336.97,-53.85,55.49,,,
00:18.4,477.63,19.86,337.57,-51.82,55.24,,,
00:18.5,478.4,19.36,338.16,-49.76,54.99,,,
00:18.6,479.16,18.85,338.72,-47.72,54.75,,,
00:18.6,479.93,18.31,339.26,-45.69,54.5,,,
00:18.6,480.69,17.76,339.78,-43.66,54.26,,,
00:18.7,481.44,17.2,340.27,-41.61,54.01,,,
00:18.7,482.19,16.62,340.75,-39.52,53.9,,,
00:18.8,482.95,16.02,341.2,-37.38,54.09,,,
00:18.8,483.71,15.4,341.63,-35.29,54.47,,,
00:18.9,484.47,14.77,342.04,-33.35,54.92,,,
00:19.0,485.24,14.11,342.44,-31.5,55.43,,,
00:19.0,486.02,13.43,342.82,-29.66,56.08,,,
00:19.1,486.8,12.74,343.18,-27.8,56.83,,,
00:19.1,487.6,12.02,343.52,-25.96,57.65,,,
00:19.1,488.41,11.28,343.85,-24.13,58.53,,,
00:19.2,489.23,10.52,344.16,-22.33,59.45,,,
00:19.3,490.07,9.75,344.45,-20.58,60.39,,,
00:19.3,490.92,8.95,344.72,-18.88,61.38,,,
00:19.4,491.78,8.13,344.98,-17.24,62.41,,,
00:19.4,492.65,7.29,345.22,-15.69,63.47,,,
00:19.5,493.54,6.42,345.44,-14.24,64.57,,,
00:19.5,494.45,5.54,345.64,-12.9,65.68,,,
00:19.6,495.37,4.64,345.83,-11.68,66.8,,,
00:19.6,496.31,3.72,346.01,-10.55,67.94,,,
00:19.6,497.26,2.79,346.17,-9.44,69.09,,,
00:19.7,498.23,1.83,346.32,-8.32,70.23,,,
00:19.7,499.21,0.86,346.45,-7.22,71.37,,,
00:19.8,500.21,-0.14,346.56,-6.15,72.54,,,
00:19.8,501.22,-1.15,346.67,-5.16,73.72,,,
00:19.9,502.26,-2.18,346.75,-4.21,74.93,,,
00:20.0,503.31,-3.22,346.82,-3.23,76.17,,,
00:20.0,504.37,-4.29,346.88,-2.2,77.44,,,
00:20.1,505.46,-5.37,346.91,-1.13,78.71,,,
00:20.1,506.56,-6.47,346.93,-0.05,80,,,
00:20.1,507.68,-7.59,346.93,0.98,81.33,,,
00:20.2,508.82,-8.73,346.91,1.93,82.7,,,
00:20.3,509.98,-9.89,346.87,2.8,84.12,,,
00:20.3,511.16,-11.07,346.81,3.64,85.56,,,
00:20.4,512.36,-12.26,346.73,4.49,86.97,,,
00:20.4,513.57,-13.48,346.63,5.28,88.37,,,
00:20.5,514.81,-14.71,346.51,5.99,89.76,,,
00:20.5,516.07,-15.95,346.37,6.76,91.08,,,
00:20.5,517.34,-17.22,346.22,7.63,92.38,,,
00:20.6,518.63,-18.5,346.05,8.57,93.66,,,
00:20.6,519.94,-19.79,345.85,9.56,94.89,,,
00:20.7,521.27,-21.1,345.64,10.61,96.08,,,
00:20.8,522.61,-22.42,345.4,11.66,97.22,,,
00:20.8,523.97,-23.76,345.14,12.72,98.37,,,
00:20.8,525.34,-25.1,344.86,13.81,99.52,,,
00:20.9,526.73,-26.46,344.55,14.82,100.67,,,
00:21.0,528.14,-27.82,344.21,15.72,101.88,,,
00:21.0,529.56,-29.2,343.85,16.52,103.08,,,
00:21.1,531,-30.59,343.46,17.09,104.33,,,
00:21.1,532.46,-31.98,343.05,17.43,105.55,,,
00:21.1,533.93,-33.4,342.63,17.67,106.81,,,
00:21.2,535.42,-34.82,342.19,17.98,108.03,,,
00:21.2,536.93,-36.26,341.72,18.57,109.16,,,
00:21.3,538.45,-37.7,341.24,19.31,109.47,,,
00:21.4,539.97,-39.13,340.74,20.04,109.33,,,
00:21.4,541.48,-40.56,340.23,20.57,109.22,,,
00:21.5,543,-41.98,339.71,20.85,109.11,,,
00:21.5,544.51,-43.4,339.17,21.08,109,,,
00:21.5,546.03,-44.81,338.63,21.41,108.86,,,
00:21.6,547.54,-46.22,338.08,21.69,108.43,,,
00:21.7,549.04,-47.61,337.52,21.98,107.66,,,
00:21.7,550.52,-48.99,336.96,22.29,106.73,,,
00:21.8,552,-50.36,336.4,22.55,105.61,,,
00:21.8,553.46,-51.71,335.85,22.8,104.47,,,
00:21.9,554.9,-53.04,335.29,23.05,103.25,,,
00:21.9,556.32,-54.35,334.73,23.29,101.87,,,
00:22.0,557.73,-55.64,334.18,23.47,100.37,,,
00:22.0,559.11,-56.91,333.63,23.55,98.85,,,
00:22.1,560.47,-58.16,333.09,23.6,97.26,,,
00:22.1,561.81,-59.39,332.56,23.62,95.58,,,
00:22.1,563.13,-60.59,332.03,23.54,93.9,,,
00:22.2,564.42,-61.78,331.52,23.4,92.19,,,
00:22.3,565.69,-62.94,331.01,23.2,90.47,,,
00:22.3,566.93,-64.09,330.53,22.9,88.71,,,
00:22.4,568.15,-65.22,330.06,22.47,86.98,,,
00:22.4,569.35,-66.32,329.61,21.85,85.34,,,
00:22.5,570.53,-67.42,329.17,21.09,83.74,,,
00:22.5,571.68,-68.49,328.76,20.37,82.12,,,
00:22.6,572.81,-69.55,328.37,19.66,80.46,,,
00:22.6,573.91,-70.59,328.01,18.85,78.81,,,
00:22.7,575,-71.62,327.66,17.97,77.18,,,
00:22.7,576.06,-72.63,327.34,17.02,75.65,,,
00:22.8,577.1,-73.63,327.05,16.03,74.14,,,
00:22.8,578.12,-74.61,326.78,15.05,72.7,,,
00:22.9,579.12,-75.58,326.53,13.92,71.27,,,
00:22.9,580.1,-76.54,326.3,12.76,69.83,,,
00:23.0,581.06,-77.47,326.1,11.65,68.37,,,
00:23.0,582,-78.4,325.93,10.52,66.97,,,
00:23.1,582.92,-79.31,325.77,9.41,65.61,,,
00:23.1,583.83,-80.2,325.64,8.29,64.26,,,
00:23.1,584.71,-81.07,325.53,7.01,62.94,,,
00:23.2,585.58,-81.93,325.44,5.62,61.54,,,
00:23.2,586.42,-82.78,325.38,4.23,60.14,,,
00:23.3,587.25,-83.6,325.34,2.93,58.79,,,
00:23.3,588.06,-84.41,325.32,1.73,57.56,,,
00:23.4,588.85,-85.2,325.31,0.52,56.32,,,
00:23.5,589.63,-85.97,325.33,-0.74,54.99,,,
00:23.5,590.38,-86.73,325.36,-2.13,53.8,,,
00:23.6,591.13,-87.47,325.42,-3.64,52.86,,,
00:23.6,591.86,-88.19,325.49,-5.18,52.06,,,
00:23.6,592.58,-88.9,325.58,-6.71,51.28,,,
00:23.7,593.29,-89.6,325.69,-8.28,50.52,,,
00:23.8,593.99,-90.29,325.82,-9.97,49.92,,,
00:23.8,594.68,-90.96,325.97,-11.8,49.53,,,
00:23.8,595.37,-91.62,326.14,-13.79,49.27,,,
00:23.9,596.06,-92.28,326.34,-15.85,49.05,,,
00:23.9,596.74,-92.92,326.55,-17.89,48.84,,,
00:24.0,597.42,-93.55,326.79,-19.93,48.61,,,
00:24.0,598.1,-94.18,327.05,-22,48.36,,,
00:24.1,598.78,-94.78,327.34,-24.09,48.1,,,
00:24.1,599.45,-95.37,327.64,-26.28,47.84,,,
00:24.2,600.12,-95.95,327.97,-28.52,47.61,,,
00:24.2,600.78,-96.51,328.32,-30.73,47.38,,,
00:24.3,601.45,-97.06,328.68,-32.88,47.16,,,
00:24.4,602.11,-97.58,329.07,-35.01,46.92,,,
00:24.4,602.76,-98.09,329.47,-37.15,46.68,,,
00:24.4,603.41,-98.58,329.89,-39.33,46.45,,,
00:24.5,604.06,-99.05,330.33,-41.55,46.22,,,
00:24.6,604.71,-99.51,330.78,-43.82,45.99,,,
00:24.6,605.35,-99.94,331.25,-46.11,45.89,,,
00:24.6,606,-100.35,331.74,-48.38,46.13,,,
00:24.7,606.65,-100.75,332.24,-50.55,46.53,,,
00:24.8,607.3,-101.14,332.77,-52.56,46.98,,,
00:24.8,607.96,-101.51,333.31,-54.51,47.42,,,
00:24.8,608.63,-101.86,333.87,-56.48,47.86,,,
00:24.9,609.3,-102.19,334.45,-58.47,48.31,,,
00:24.9,609.98,-102.51,335.04,-60.51,48.8,,,
00:25.0,610.67,-102.82,335.65,-62.6,49.39,,,
00:25.1,611.36,-103.1,336.28,-64.68,50.07,,,
00:25.1,612.07,-103.37,336.93,-66.68,50.77,,,
00:25.1,612.78,-103.62,337.59,-68.66,51.54,,,
00:25.2,613.51,-103.85,338.27,-70.59,52.31,,,
00:25.3,614.25,-104.06,338.98,-72.36,53.11,,,
00:25.3,614.99,-104.26,339.69,-73.96,53.87,,,
00:25.4,615.75,-104.44,340.42,-75.48,54.63,,,
00:25.4,616.51,-104.6,341.17,-76.87,55.41,,,
00:25.5,617.29,-104.76,341.93,-78.15,56.23,,,
00:25.5,618.07,-104.9,342.7,-79.29,57.02,,,
00:25.6,618.87,-105.04,343.49,-80.26,57.82,,,
00:25.6,619.67,-105.17,344.28,-81.07,58.65,,,
00:25.6,620.49,-105.28,345.1,-81.77,59.53,,,
00:25.7,621.32,-105.4,345.92,-82.38,60.45,,,
00:25.8,622.17,-105.5,346.76,-82.85,61.37,,,
00:25.8,623.02,-105.61,347.61,-83.14,61.81,,,
00:25.9,623.88,-105.71,348.46,-83.19,61.81,,,
00:25.9,624.74,-105.81,349.3,-82.95,61.74,,,
00:25.9,625.59,-105.93,350.15,-82.35,61.54,,,
00:26.0,626.45,-106.06,350.99,-81.33,61.21,,,
00:26.1,627.3,-106.21,351.82,-79.93,60.85,,,
00:26.1,628.15,-106.39,352.64,-78.26,60.48,,,
00:26.1,628.99,-106.59,353.46,-76.45,60.03,,,
00:26.2,629.83,-106.82,354.25,-74.54,59.56,,,
00:26.3,630.66,-107.07,355.04,-72.53,59.05,,,
00:26.3,631.48,-107.36,355.8,-70.42,58.53,,,
00:26.3,632.3,-107.66,356.55,-68.3,58.03,,,
00:26.4,633.1,-107.99,357.28,-66.26,57.53,,,
00:26.5,633.9,-108.34,358,-64.33,57,,,
00:26.5,634.69,-108.71,358.69,-62.41,56.44,,,
00:26.5,635.47,-109.1,359.37,-60.35,55.87,,,
00:26.6,636.25,-109.51,360.02,-58.04,55.32,,,
00:26.6,637.02,-109.94,360.66,-55.51,54.86,,,
00:26.7,637.79,-110.39,361.27,-53.03,54.59,,,
00:26.8,638.55,-110.86,361.86,-50.89,54.35,,,
00:26.8,639.31,-111.35,362.43,-49.08,54.07,,,
00:26.8,640.06,-111.87,362.97,-47.3,53.78,,,
00:26.9,640.81,-112.4,363.5,-45.33,53.51,,,
00:26.9,641.55,-112.95,364,-43.2,53.28,,,
00:27.0,642.3,-113.51,364.47,-41.02,53.07,,,
00:27.1,643.04,-114.08,364.93,-38.94,52.86,,,
00:27.1,643.77,-114.67,365.37,-36.96,52.63,,,
00:27.1,644.5,-115.27,365.79,-34.97,52.39,,,
00:27.2,645.23,-115.88,366.18,-32.95,52.16,,,
00:27.2,645.96,-116.5,366.55,-30.96,52.01,,,
00:27.3,646.69,-117.13,366.9,-28.97,52.19,,,
00:27.4,647.42,-117.78,367.22,-27.04,52.58,,,
00:27.4,648.15,-118.45,367.53,-25.24,53.08,,,
00:27.4,648.9,-119.13,367.82,-23.48,53.71,,,
00:27.5,649.65,-119.83,368.1,-21.73,54.38,,,
00:27.6,650.41,-120.55,368.35,-20.01,55.1,,,
00:27.6,651.18,-121.28,368.59,-18.35,55.84,,,
00:27.6,651.97,-122.03,368.81,-16.69,56.62,,,
00:27.7,652.76,-122.79,369.02,-15.03,57.44,,,
00:27.8,653.57,-123.57,369.2,-13.43,58.28,,,
00:27.8,654.38,-124.37,369.37,-11.92,59.14,,,
00:27.8,655.21,-125.19,369.51,-10.49,60.05,,,
00:27.9,656.06,-126.02,369.64,-9.1,61,,,
00:28.0,656.91,-126.86,369.76,-7.7,61.94,,,
00:28.0,657.78,-127.72,369.85,-6.3,62.89,,,
00:28.0,658.66,-128.6,369.93,-4.93,63.83,,,
00:28.1,659.55,-129.49,369.99,-3.61,64.81,,,
00:28.1,660.46,-130.4,370.03,-2.22,65.8,,,
00:28.2,661.38,-131.32,370.04,-0.82,66.46,,,
00:28.2,662.31,-132.24,370.04,0.5,66.4,,,
00:28.3,663.23,-133.16,370.01,1.89,66.21,,,
00:28.4,664.15,-134.08,369.96,3.39,66.03,,,
00:28.4,665.06,-134.99,369.88,4.95,65.86,,,
00:28.5,665.98,-135.9,369.79,6.54,65.68,,,
00:28.5,666.89,-136.8,369.67,8.33,65.43,,,
00:28.6,667.79,-137.69,369.53,10.37,65.07,,,
00:28.6,668.7,-138.58,369.37,12.49,64.63,,,
00:28.6,669.59,-139.45,369.17,14.53,64.1,,,
00:28.7,670.48,-140.31,368.95,16.42,63.61,,,
00:28.7,671.37,-141.15,368.7,18.25,63.22,,,
00:28.8,672.24,-141.98,368.41,20.01,62.92,,,
00:28.9,673.12,-142.8,368.1,21.67,62.64,,,
00:28.9,673.99,-143.6,367.76,23.32,62.38,,,
00:29.0,674.86,-144.38,367.4,25.01,62.15,,,
00:29.0,675.72,-145.15,367.01,26.67,61.92,,,
00:29.1,676.58,-145.9,366.6,28.29,61.7,,,
00:29.1,677.44,-146.65,366.18,29.92,61.46,,,
00:29.1,678.29,-147.37,365.73,31.62,61.22,,,
00:29.2,679.14,-148.08,365.26,33.4,60.95,,,
00:29.3,679.99,-148.77,364.77,35.26,60.69,,,
00:29.3,680.83,-149.44,364.27,37.06,60.45,,,
00:29.3,681.67,-150.09,363.75,38.89,60.17,,,
00:29.4,682.51,-150.73,363.21,40.83,59.9,,,
00:29.5,683.34,-151.35,362.65,42.72,59.65,,,
00:29.5,684.17,-151.94,362.08,44.68,59.37,,,
00:29.5,684.99,-152.51,361.49,46.8,59.07,,,
00:29.6,685.82,-153.06,360.87,48.95,58.8,,,
00:29.6,686.64,-153.58,360.25,50.89,58.57,,,
00:29.7,687.45,-154.07,359.6,52.59,58.38,,,
00:29.7,688.26,-154.54,358.95,54.2,58.2,,,
00:29.8,689.07,-154.99,358.27,55.96,58.02,,,
00:29.9,689.88,-155.41,357.59,57.87,57.86,,,
00:29.9,690.69,-155.81,356.9,59.81,57.67,,,
00:30.0,691.49,-156.19,356.19,61.75,57.51,,,
00:30.0,692.29,-156.54,355.47,63.83,57.72,,,
00:30.1,693.1,-156.87,354.74,66.02,58.27,,,
00:30.1,693.92,-157.18,353.99,67.99,58.96,,,
00:30.1,694.75,-157.47,353.22,69.57,59.77,,,
00:30.2,695.58,-157.74,352.43,70.91,60.59,,,
00:30.3,696.43,-158,351.62,72.27,61.38,,,
00:30.3,697.29,-158.23,350.8,73.83,62.14,,,
00:30.4,698.16,-158.46,349.96,75.91,62.68,,,
00:30.4,699.03,-158.68,349.12,79.32,62.93,,,
00:30.5,699.91,-158.88,348.26,82.75,63.08,,,
00:30.5,700.78,-159.06,347.41,86.04,63.21,,,
00:30.6,701.65,-159.21,346.54,89.08,63.2,,,
00:30.6,702.52,-159.32,345.67,91.9,63.18,,,
00:30.6,703.39,-159.4,344.8,94.43,63.07,,,
00:30.7,704.25,-159.45,343.92,96.59,62.99,,,
00:30.7,705.12,-159.49,343.05,98.18,63.06,,,
00:30.8,705.99,-159.5,342.17,98.96,63.21,,,
00:30.9,706.87,-159.49,341.3,99.17,63.4,,,
00:30.9,707.76,-159.45,340.41,98.96,63.76,,,
00:30.9,708.65,-159.39,339.53,98.24,64.35,,,
00:31.0,709.55,-159.3,338.63,97.32,65.12,,,
00:31.0,710.46,-159.2,337.73,96.91,66.05,,,
00:31.1,711.38,-159.09,336.81,97.12,66.94,,,
00:31.2,712.32,-158.97,335.88,97.7,67.86,,,
00:31.2,713.27,-158.83,334.95,98.38,68.77,,,
00:31.2,714.23,-158.68,334,98.98,69.63,,,
00:31.3,715.2,-158.52,333.04,99.47,70.53,,,
00:31.4,716.19,-158.35,332.07,99.91,71.57,,,
00:31.4,717.19,-158.17,331.08,100.32,72.85,,,
00:31.4,718.22,-157.98,330.08,100.83,74.26,,,
00:31.5,719.26,-157.78,329.05,101.52,75.67,,,
00:31.6,720.32,-157.56,328.02,102.36,77,,,
00:31.6,721.39,-157.32,326.97,103.16,78.26,,,
00:31.6,722.49,-157.07,325.9,103.86,79.52,,,
00:31.7,723.6,-156.81,324.82,104.44,80.77,,,
00:31.8,724.73,-156.53,323.72,104.92,82.03,,,
00:31.8,725.88,-156.24,322.61,105.22,83.45,,,
00:31.9,727.05,-155.93,321.48,105.35,84.98,,,
00:31.9,728.24,-155.62,320.33,105.38,86.48,,,
00:32.0,729.46,-155.3,319.17,105.41,87.93,,,
00:32.0,730.69,-154.97,317.98,105.54,89.34,,,
00:32.1,731.94,-154.64,316.78,105.79,90.7,,,
00:32.1,733.21,-154.29,315.56,106.07,92.06,,,
00:32.1,734.5,-153.94,314.32,106.28,93.5,,,
00:32.2,735.8,-153.57,313.06,106.42,94.92,,,
00:32.2,737.13,-153.2,311.79,106.48,96.18,,,
00:32.3,738.47,-152.82,310.5,106.51,97.42,,,
00:32.4,739.84,-152.44,309.19,106.53,98.73,,,
00:32.4,741.22,-152.05,307.87,106.54,100.12,,,
00:32.5,742.62,-151.65,306.53,106.54,101.61,,,
00:32.5,744.04,-151.25,305.17,106.57,103.01,,,
00:32.5,745.48,-150.84,303.79,106.6,104.33,,,
00:32.6,746.94,-150.42,302.39,106.64,105.71,,,
00:32.6,748.42,-150,300.97,106.68,107,,,
00:32.7,749.91,-149.57,299.54,106.72,108.29,,,
00:32.7,751.42,-149.14,298.09,106.75,109.68,,,
00:32.8,752.96,-148.7,296.63,106.81,110.9,,,
00:32.8,754.5,-148.25,295.14,106.84,112.18,,,
00:32.9,756.07,-147.8,293.64,106.9,113.53,,,
00:33.0,757.66,-147.34,292.13,106.94,114.84,,,
00:33.0,759.26,-146.87,290.59,106.98,116.26,,,
00:33.0,760.89,-146.4,289.04,107.03,117.65,,,
00:33.1,762.53,-145.92,287.47,107.06,119.14,,,
00:33.2,764.2,-145.43,285.88,107.11,120.45,,,
00:33.2,765.88,-144.94,284.27,107.15,121.41,,,
00:33.2,767.57,-144.44,282.65,107.19,122.71,,,
00:33.3,769.28,-143.94,281.02,107.23,123.85,,,
00:33.3,771.01,-143.43,279.37,107.26,125.02,,,
00:33.4,772.76,-142.91,277.7,107.28,126.41,,,
00:33.5,774.52,-142.39,276.02,107.26,127.83,,,
00:33.5,776.31,-141.86,274.31,107.24,129.13,,,
00:33.5,778.11,-141.33,272.59,107.22,130.36,,,
00:33.6,779.93,-140.79,270.85,107.18,131.58,,,
00:33.6,781.76,-140.25,269.1,107.16,132.82,,,
00:33.7,783.62,-139.7,267.33,107.15,133.96,,,
00:33.8,785.48,-139.15,265.55,107.16,135.06,,,
00:33.8,787.37,-138.6,263.75,107.18,136.37,,,
00:33.9,789.27,-138.04,261.93,107.21,137.63,,,
00:33.9,791.19,-137.47,260.1,107.23,138.63,,,
00:34.0,793.12,-136.9,258.25,107.25,139.64,,,
00:34.0,795.07,-136.32,256.4,107.24,140.61,,,
00:34.0,797.03,-135.74,254.52,107.2,141.65,,,
00:34.1,799,-135.16,252.64,107.14,142.96,,,
00:34.1,801,-134.57,250.73,107.05,144.3,,,
00:34.2,803.01,-133.98,248.81,106.94,145.49,,,
00:34.2,805.04,-133.38,246.87,106.85,146.7,,,
00:34.3,807.08,-132.79,244.91,106.76,147.88,,,
00:34.3,809.14,-132.19,242.94,106.69,148.9,,,
00:34.4,811.22,-131.58,240.96,106.59,149.57,,,
00:34.5,813.3,-130.98,238.96,106.43,150.28,,,
00:34.5,815.39,-130.38,236.96,106.29,151.35,,,
00:34.6,817.5,-129.78,234.94,106.17,152.64,,,
00:34.6,819.63,-129.18,232.89,106.06,154,,,
00:34.6,821.78,-128.58,230.83,105.98,155.38,,,
00:34.7,823.95,-127.97,228.75,105.9,156.55,,,
00:34.8,826.13,-127.37,226.65,105.82,157.51,,,
00:34.8,828.32,-126.76,224.55,105.7,158.35,,,
00:34.8,830.53,-126.16,222.42,105.62,159.46,,,
00:34.9,832.74,-125.55,220.29,105.51,160.25,,,
00:35.0,834.98,-124.95,218.14,105.28,161.11,,,
00:35.0,837.22,-124.34,215.98,105.04,162.19,,,
00:35.0,839.48,-123.74,213.8,104.87,163.54,,,
00:35.1,841.76,-123.14,211.6,104.79,164.79,,,
00:35.2,844.06,-122.55,209.38,104.83,165.35,,,
00:35.2,846.35,-121.95,207.16,104.92,165.22,,,
00:35.3,848.64,-121.36,204.95,104.98,165.14,,,
00:35.3,850.94,-120.76,202.73,105.03,165.01,,,
00:35.3,853.23,-120.17,200.52,105.08,164.88,,,
00:35.4,855.52,-119.57,198.31,105.11,164.74,,,
00:35.5,857.81,-118.98,196.1,105.15,164.61,,,
00:35.5,860.09,-118.38,193.9,105.16,164.47,,,
00:35.5,862.37,-117.78,191.69,105.16,164.3,,,
00:35.6,864.65,-117.19,189.49,105.11,164.13,,,
00:35.7,866.93,-116.59,187.29,105.04,163.92,,,
00:35.7,869.21,-116,185.1,104.92,163.74,,,
00:35.7,871.48,-115.42,182.9,104.77,163.54,,,
00:35.8,873.75,-114.84,180.71,104.6,163.34,,,
00:35.9,876.02,-114.26,178.51,104.41,163.14,,,
00:35.9,878.28,-113.7,176.32,104.2,162.71,,,
00:36.0,880.54,-113.14,174.13,103.92,162.1,,,
00:36.0,882.78,-112.59,171.96,103.62,161.17,,,
00:36.1,885.01,-112.06,169.79,103.29,160.2,,,
00:36.1,887.23,-111.54,167.63,102.94,158.95,,,
00:36.1,889.43,-111.04,165.49,102.63,157.72,,,
00:36.2,891.61,-110.55,163.37,102.34,156.47,,,
00:36.2,893.77,-110.08,161.25,101.97,155.24,,,
00:36.3,895.92,-109.63,159.16,101.56,154,,,
00:36.3,898.05,-109.19,157.07,101.14,152.78,,,
00:36.4,900.17,-108.77,155,100.68,151.61,,,
00:36.5,902.26,-108.38,152.94,100.15,150.44,,,
00:36.5,904.35,-108,150.89,99.51,149.35,,,
00:36.6,906.41,-107.65,148.85,98.87,148.26,,,
00:36.6,908.47,-107.32,146.83,98.24,147.25,,,
00:36.6,910.5,-107.01,144.81,97.6,146.26,,,
00:36.7,912.53,-106.73,142.81,96.92,145.32,,,
00:36.7,914.54,-106.47,140.81,96.08,144.45,,,
00:36.8,916.54,-106.24,138.83,95.41,143.64,,,
00:36.8,918.53,-106.04,136.85,94.68,142.87,,,
00:36.9,920.51,-105.85,134.88,93.67,142.13,,,
00:37.0,922.48,-105.7,132.91,92.66,141.42,,,
00:37.0,924.44,-105.57,130.96,91.58,140.71,,,
00:37.0,926.39,-105.48,129.01,90.61,139.97,,,
00:37.1,928.32,-105.41,127.07,89.67,139.27,,,
00:37.2,930.25,-105.38,125.14,88.88,138.59,,,
00:37.2,932.17,-105.38,123.22,88.09,137.95,,,
00:37.3,934.08,-105.39,121.31,87.13,137.31,,,
00:37.3,935.98,-105.44,119.41,86.2,136.68,,,
00:37.4,937.88,-105.51,117.52,85.21,135.99,,,
00:37.4,939.76,-105.61,115.64,84.12,135.3,,,
00:37.5,941.63,-105.74,113.77,83.07,134.61,,,
00:37.5,943.5,-105.9,111.91,82.18,133.91,,,
00:37.5,945.35,-106.09,110.06,81.22,133.24,,,
00:37.6,947.2,-106.32,108.23,80.26,132.58,,,
00:37.6,949.03,-106.58,106.41,79.47,131.95,,,
00:37.7,950.86,-106.87,104.61,78.61,131.35,,,
00:37.7,952.68,-107.18,102.81,77.76,130.83,,,
00:37.8,954.5,-107.53,101.03,76.95,130.39,,,
00:37.9,956.3,-107.9,99.26,75.99,130.03,,,
00:37.9,958.11,-108.3,97.51,75.05,129.7,,,
00:38.0,959.9,-108.72,95.76,74.26,129.35,,,
00:38.0,961.7,-109.18,94.02,73.16,128.98,,,
00:38.1,963.49,-109.65,92.3,71.95,128.61,,,
00:38.1,965.27,-110.16,90.59,71.14,128.21,,,
00:38.2,967.05,-110.7,88.89,70.24,127.84,,,
00:38.2,968.82,-111.26,87.21,69.46,127.5,,,
00:38.2,970.59,-111.84,85.54,68.95,127.17,,,
00:38.3,972.35,-112.45,83.88,68.09,126.86,,,
00:38.4,974.11,-113.07,82.24,67.17,126.53,,,
00:38.4,975.86,-113.71,80.6,66.33,126.19,,,
00:38.5,977.61,-114.37,78.99,65.48,125.85,,,
00:38.5,979.35,-115.06,77.38,64.7,125.51,,,
00:38.6,981.09,-115.77,75.79,63.82,125.17,,,
00:38.6,982.83,-116.5,74.21,62.87,124.84,,,
00:38.6,984.56,-117.25,72.65,62.14,124.57,,,
00:38.7,986.29,-118.02,71.11,61.41,124.49,,,
00:38.8,988.02,-118.82,69.57,60.46,124.52,,,
00:38.8,989.75,-119.64,68.05,59.47,124.66,,,
00:38.8,991.48,-120.49,66.54,58.7,124.93,,,
00:38.9,993.22,-121.38,65.05,57.94,125.3,,,
00:39.0,994.96,-122.29,63.56,57.1,125.71,,,
00:39.0,996.71,-123.23,62.08,56.4,126.2,,,
00:39.0,998.47,-124.19,60.61,55.63,126.71,,,
00:39.1,1000.23,-125.17,59.15,54.44,127.24,,,
00:39.2,1002,-126.18,57.7,53.16,127.78,,,
00:39.2,1003.78,-127.22,56.25,52.13,128.32,,,
00:39.3,1005.56,-128.29,54.82,51.29,128.9,,,
00:39.3,1007.36,-129.38,53.4,50.5,129.48,,,
00:39.3,1009.16,-130.5,51.98,49.57,130.14,,,
00:39.4,1010.97,-131.64,50.58,48.5,130.86,,,
00:39.5,1012.79,-132.81,49.17,47.75,131.78,,,
00:39.5,1014.63,-134,47.78,47.22,132.68,,,
00:39.5,1016.48,-135.23,46.39,46.7,133.64,,,
00:39.6,1018.34,-136.48,45.01,46.22,134.68,,,
00:39.6,1020.22,-137.76,43.64,45.61,135.8,,,
00:39.7,1022.12,-139.08,42.28,44.74,136.89,,,
00:39.7,1024.02,-140.42,40.92,43.88,137.95,,,
00:39.8,1025.94,-141.78,39.56,43.05,138.84,,,
00:39.9,1027.88,-143.16,38.21,41.85,139.52,,,
00:39.9,1029.82,-144.57,36.87,40.73,140.45,,,
00:40.0,1031.78,-146,35.54,40.12,141.72,,,
00:40.0,1033.76,-147.47,34.22,39.67,142.89,,,
00:40.0,1035.75,-148.97,32.9,39.65,144.2,,,
00:40.1,1037.76,-150.49,31.58,40.05,145.11,,,
00:40.2,1039.77,-152.02,30.26,40.36,145.68,,,
00:40.2,1041.8,-153.56,28.95,40.31,146.34,,,
00:40.2,1043.84,-155.11,27.62,39.81,147.43,,,
00:40.3,1045.9,-156.69,26.31,38.94,148.72,,,
00:40.3,1047.98,-158.29,24.99,38.05,150.22,,,
00:40.4,1050.07,-159.93,23.68,37.47,151.5,,,
00:40.5,1052.18,-161.58,22.37,37.04,152.52,,,
00:40.5,1054.31,-163.26,21.06,36.64,153.59,,,
00:40.6,1056.45,-164.96,19.76,36.19,154.8,,,
00:40.6,1058.61,-166.68,18.46,35.61,156.04,,,
00:40.6,1060.78,-168.44,17.17,35.01,157.28,,,
00:40.7,1062.98,-170.21,15.88,34.51,158.43,,,
00:40.8,1065.18,-172.01,14.6,34.06,159.44,,,
00:40.8,1067.4,-173.82,13.32,33.76,160.43,,,
00:40.9,1069.64,-175.66,12.05,33.37,161.28,,,
00:40.9,1071.88,-177.51,10.78,32.88,162.16,,,
00:41.0,1074.14,-179.39,9.51,32.3,163.13,,,
00:41.0,1076.42,-181.28,8.26,31.79,164.33,,,
00:41.0,1078.71,-183.2,7.01,31.86,165.53,,,
00:41.1,1081.01,-185.15,5.77,32.11,166.34,,,
00:41.1,1083.32,-187.1,4.53,32.2,167.06,,,
00:41.2,1085.65,-189.06,3.28,32.24,168.3,,,
00:41.3,1088,-191.05,2.02,32.22,169.54,,,
00:41.3,1090.36,-193.04,0.76,32.17,170.74,,,
00:41.3,1092.74,-195.06,-0.51,32.1,171.89,,,
00:41.4,1095.14,-197.08,-1.78,32.04,173.05,,,
00:41.5,1097.55,-199.13,-3.07,31.99,174.16,,,
00:41.5,1099.97,-201.18,-4.35,31.95,175.13,,,
00:41.6,1102.41,-203.25,-5.65,31.93,176.3,,,
00:41.6,1104.87,-205.33,-6.95,31.95,177.52,,,
00:41.7,1107.35,-207.43,-8.26,32,178.76,,,
00:41.7,1109.84,-209.54,-9.59,32.06,179.88,,,
00:41.7,1112.34,-211.66,-10.92,32.13,180.91,,,
00:41.8,1114.86,-213.8,-12.26,32.2,181.95,,,
00:41.8,1117.4,-215.94,-13.61,32.29,182.92,,,
00:41.9,1119.95,-218.1,-14.97,32.43,184.05,,,
00:42.0,1122.51,-220.26,-16.34,32.54,185.28,,,
00:42.0,1125.09,-222.44,-17.72,32.6,186.18,,,
00:42.1,1127.68,-224.63,-19.12,32.72,187.03,,,
00:42.1,1130.29,-226.82,-20.52,32.86,188.12,,,
00:42.1,1132.91,-229.03,-21.94,32.98,189.25,,,
00:42.2,1135.54,-231.24,-23.37,33.08,190.33,,,
00:42.2,1138.19,-233.46,-24.81,33.15,191.36,,,
00:42.3,1140.86,-235.7,-26.26,33.2,192.28,,,
00:42.4,1143.53,-237.94,-27.72,33.25,192.65,,,
00:42.4,1146.21,-240.18,-29.18,33.3,192.44,,,
00:42.5,1148.88,-242.41,-30.65,33.29,192.25,,,
00:42.5,1151.54,-244.64,-32.11,33.29,192.09,,,
00:42.5,1154.21,-246.87,-33.58,33.29,191.89,,,
00:42.6,1156.87,-249.1,-35.04,33.29,191.72,,,
00:42.7,1159.54,-251.32,-36.5,33.31,191.53,,,
00:42.7,1162.19,-253.54,-37.96,33.34,191.34,,,
00:42.8,1164.85,-255.76,-39.42,33.36,191.16,,,
00:42.8,1167.5,-257.98,-40.88,33.38,190.97,,,
00:42.9,1170.16,-260.19,-42.34,33.4,190.78,,,
00:42.9,1172.81,-262.4,-43.8,33.42,190.59,,,
00:43.0,1175.45,-264.61,-45.26,33.43,190.43,,,
00:43.0,1178.09,-266.82,-46.71,33.46,190.22,,,
00:43.1,1180.73,-269.02,-48.17,33.49,189.96,,,
00:43.1,1183.37,-271.22,-49.62,33.51,189.71,,,
00:43.1,1186,-273.41,-51.08,33.53,189.45,,,
00:43.2,1188.63,-275.6,-52.53,33.53,189.2,,,
00:43.2,1191.26,-277.79,-53.98,33.54,188.97,,,
00:43.3,1193.88,-279.98,-55.43,33.55,188.72,,,
00:43.4,1196.5,-282.16,-56.88,33.57,188.47,,,
00:43.4,1199.12,-284.34,-58.33,33.59,188.22,,,
00:43.5,1201.73,-286.52,-59.77,33.61,188,,,
00:43.5,1204.34,-288.69,-61.22,33.64,187.75,,,
00:43.6,1206.95,-290.86,-62.66,33.66,187.5,,,
00:43.6,1209.55,-293.02,-64.11,33.68,187.24,,,
00:43.6,1212.15,-295.19,-65.55,33.68,187,,,
00:43.7,1214.74,-297.35,-66.99,33.69,186.77,,,
00:43.7,1217.34,-299.5,-68.42,33.7,186.52,,,
00:43.8,1219.93,-301.66,-69.86,33.69,186.25,,,
00:43.8,1222.51,-303.81,-71.3,33.69,186,,,
00:43.9,1225.09,-305.95,-72.73,33.67,185.76,,,
00:44.0,1227.67,-308.1,-74.16,33.67,185.52,,,
00:44.0,1230.25,-310.24,-75.59,33.66,185.28,,,
00:44.0,1232.82,-312.38,-77.01,33.65,185.02,,,
00:44.1,1235.39,-314.52,-78.44,33.64,184.76,,,
00:44.1,1237.95,-316.65,-79.86,33.62,184.51,,,
00:44.2,1240.51,-318.78,-81.28,33.6,184.28,,,
00:44.2,1243.07,-320.91,-82.69,33.57,184.03,,,
00:44.3,1245.62,-323.04,-84.11,33.54,183.79,,,
00:44.4,1248.17,-325.17,-85.52,33.51,183.54,,,
00:44.4,1250.72,-327.29,-86.93,33.51,183.28,,,
00:44.5,1253.27,-329.41,-88.33,33.54,183.03,,,
00:44.5,1255.81,-331.53,-89.74,33.56,182.77,,,
00:44.5,1258.34,-333.64,-91.14,33.56,182.52,,,
00:44.6,1260.88,-335.75,-92.54,33.56,182.29,,,
00:44.7,1263.41,-337.86,-93.94,33.55,182.08,,,
00:44.7,1265.93,-339.96,-95.34,33.52,181.83,,,
00:44.8,1268.46,-342.07,-96.73,33.47,181.59,,,
00:44.8,1270.98,-344.17,-98.13,33.4,181.33,,,
00:44.8,1273.49,-346.27,-99.51,33.32,181.09,,,
00:44.9,1276.01,-348.37,-100.9,33.25,180.85,,,
00:45.0,1278.52,-350.46,-102.27,33.13,180.6,,,
00:45.0,1281.02,-352.56,-103.65,32.97,179.98,,,
00:45.0,1283.51,-354.65,-105.01,32.81,178.79,,,
00:45.1,1285.99,-356.72,-106.35,32.71,177.3,,,
00:45.2,1288.44,-358.78,-107.68,32.65,175.7,,,
00:45.2,1290.86,-360.82,-109,32.6,173.9,,,
00:45.2,1293.27,-362.84,-110.3,32.57,172.08,,,
00:45.3,1295.64,-364.85,-111.58,32.53,170.27,,,
00:45.4,1298,-366.83,-112.85,32.53,168.44,,,
00:45.4,1300.32,-368.79,-114.11,32.56,167.08,,,
00:45.5,1302.63,-370.73,-115.35,32.63,165.32,,,
00:45.5,1304.92,-372.65,-116.59,32.71,163.4,,,
00:45.6,1307.18,-374.55,-117.81,32.78,161.49,,,
00:45.6,1309.4,-376.42,-119.01,32.78,159.24,,,
00:45.6,1311.6,-378.27,-120.2,32.74,157.49,,,
00:45.7,1313.78,-380.1,-121.38,32.72,155.82,,,
00:45.8,1315.93,-381.91,-122.54,32.71,153.75,,,
00:45.8,1318.05,-383.7,-123.69,32.71,151.95,,,
00:45.8,1320.15,-385.46,-124.83,32.72,150.27,,,
00:45.9,1322.22,-387.21,-125.95,32.72,148.63,,,
00:46.0,1324.27,-388.93,-127.06,32.68,146.75,,,
00:46.0,1326.3,-390.64,-128.15,32.56,144.97,,,
00:46.0,1328.3,-392.32,-129.23,32.35,142.99,,,
00:46.1,1330.27,-393.98,-130.29,32.1,140.99,,,
00:46.2,1332.22,-395.63,-131.33,31.74,139.12,,,
00:46.2,1334.14,-397.25,-132.35,31.36,137.12,,,
00:46.3,1336.03,-398.86,-133.35,31.12,134.92,,,
00:46.3,1337.88,-400.44,-134.32,30.8,132.8,,,
00:46.3,1339.71,-402.01,-135.26,30.3,130.71,,,
00:46.4,1341.52,-403.56,-136.18,29.88,128.62,,,
00:46.5,1343.29,-405.09,-137.08,29.56,126.66,,,
00:46.5,1345.03,-406.6,-137.95,28.82,125.09,,,
00:46.5,1346.76,-408.11,-138.79,28.02,123.35,,,
00:46.6,1348.46,-409.6,-139.61,27.46,121.65,,,
00:46.7,1350.14,-411.08,-140.4,26.74,120.16,,,
00:46.7,1351.8,-412.56,-141.16,25.93,118.59,,,
00:46.7,1353.43,-414.02,-141.9,25.07,117.01,,,
00:46.8,1355.05,-415.47,-142.6,24.07,115.48,,,
00:46.8,1356.64,-416.91,-143.28,23.36,113.82,,,
00:46.9,1358.21,-418.34,-143.92,22.78,112.28,,,
00:47.0,1359.76,-419.77,-144.54,21.85,110.9,,,
00:47.0,1361.29,-421.18,-145.13,21.08,109.42,,,
00:47.0,1362.8,-422.58,-145.69,20.43,107.92,,,
00:47.1,1364.29,-423.97,-146.22,19.45,106.49,,,
00:47.1,1365.76,-425.35,-146.72,18.57,104.95,,,
00:47.2,1367.2,-426.72,-147.2,17.85,103.53,,,
00:47.3,1368.63,-428.07,-147.64,17.01,102.2,,,
00:47.3,1370.04,-429.42,-148.06,16.13,100.98,,,
00:47.4,1371.44,-430.76,-148.46,15.31,99.87,,,
00:47.4,1372.81,-432.09,-148.83,14.45,98.78,,,
00:47.5,1374.18,-433.41,-149.18,13.38,97.86,,,
00:47.5,1375.53,-434.72,-149.5,12.23,97.17,,,
00:47.5,1376.88,-436.04,-149.79,11.05,96.7,,,
00:47.6,1378.22,-437.35,-150.06,9.81,96.4,,,
00:47.7,1379.56,-438.67,-150.29,8.63,96.11,,,
00:47.7,1380.89,-439.98,-150.5,7.5,95.79,,,
00:47.7,1382.22,-441.3,-150.69,6.35,95.41,,,
00:47.8,1383.54,-442.61,-150.84,5.27,94.95,,,
00:47.8,1384.85,-443.92,-150.98,4.09,94.47,,,
00:47.9,1386.16,-445.22,-151.09,2.83,94.04,,,
00:47.9,1387.47,-446.53,-151.17,1.48,93.67,,,
00:48.0,1388.77,-447.82,-151.22,0.13,93.37,,,
00:48.1,1390.06,-449.12,-151.24,-0.91,93.11,,,
00:48.1,1391.35,-450.41,-151.24,-1.65,92.87,,,
00:48.1,1392.63,-451.7,-151.22,-2.53,92.68,,,
00:48.2,1393.92,-452.98,-151.18,-3.56,92.5,,,
00:48.3,1395.2,-454.26,-151.13,-4.36,92.31,,,
00:48.3,1396.48,-455.54,-151.06,-4.41,92.14,,,
00:48.3,1397.76,-456.82,-151,-3.39,91.91,,,
00:48.4,1399.04,-458.09,-150.95,-1.87,91.63,,,
00:48.5,1400.31,-459.36,-150.93,-0.36,91.31,,,
00:48.5,1401.58,-460.63,-150.93,1.11,90.99,,,
00:48.5,1402.84,-461.89,-150.96,2.82,90.7,,,
00:48.6,1404.09,-463.15,-151.02,4.83,90.42,,,
00:48.6,1405.35,-464.4,-151.1,6.89,90.08,,,
00:48.7,1406.59,-465.64,-151.2,8.74,89.52,,,
00:48.7,1407.83,-466.87,-151.34,10.34,88.63,,,
00:48.8,1409.05,-468.08,-151.5,11.74,87.66,,,
00:48.9,1410.26,-469.28,-151.7,13.19,86.69,,,
00:48.9,1411.46,-470.46,-151.91,14.64,85.82,,,
00:49.0,1412.64,-471.62,-152.16,15.81,84.99,,,
00:49.0,1413.81,-472.76,-152.42,16.6,84.06,,,
00:49.0,1414.97,-473.89,-152.71,17.23,83.05,,,
00:49.1,1416.12,-474.99,-153.01,17.85,82.04,,,
00:49.2,1417.25,-476.07,-153.34,18.39,81.1,,,
00:49.2,1418.37,-477.14,-153.69,18.9,80.17,,,
00:49.2,1419.48,-478.19,-154.04,19.58,79.21,,,
00:49.3,1420.57,-479.21,-154.42,20.54,78.31,,,
00:49.3,1421.65,-480.22,-154.81,21.89,77.36,,,
00:49.4,1422.73,-481.2,-155.24,24.89,76.27,,,
00:49.5,1423.79,-482.15,-155.7,29.7,75.56,,,
00:49.5,1424.84,-483.06,-156.22,35.42,75.08,,,
00:49.6,1425.88,-483.92,-156.79,39.08,74.78,,,
00:49.6,1426.91,-484.75,-157.42,39.87,74.73,,,
00:49.7,1427.95,-485.54,-158.1,39.06,74.78,,,
00:49.7,1428.99,-486.32,-158.77,38.84,74.59,,,
00:49.7,1430.02,-487.12,-159.43,39.12,74.43,,,
00:49.8,1431.06,-487.91,-160.09,39.54,74.27,,,
00:49.8,1432.09,-488.7,-160.76,40.14,74.1,,,
00:49.9,1433.12,-489.48,-161.43,40.94,73.92,,,
00:50.0,1434.14,-490.25,-162.11,41.93,73.74,,,
00:50.0,1435.17,-491,-162.8,43.07,73.55,,,
00:50.0,1436.19,-491.73,-163.51,44.37,73.34,,,
00:50.1,1437.2,-492.45,-164.23,45.78,73.12,,,
00:50.1,1438.22,-493.14,-164.97,47.27,72.88,,,
00:50.2,1439.23,-493.82,-165.72,48.83,72.63,,,
00:50.2,1440.24,-494.47,-166.49,50.44,72.37,,,
00:50.3,1441.24,-495.1,-167.27,52.05,72.11,,,
00:50.4,1442.24,-495.71,-168.07,53.6,71.84,,,
00:50.4,1443.24,-496.29,-168.87,55.09,71.56,,,
00:50.5,1444.23,-496.85,-169.69,56.65,71.26,,,
00:50.5,1445.22,-497.39,-170.52,58.28,70.98,,,
00:50.5,1446.2,-497.9,-171.36,59.86,70.7,,,
00:50.6,1447.19,-498.39,-172.21,61.29,70.43,,,
00:50.6,1448.16,-498.85,-173.07,62.61,70.13,,,
00:50.7,1449.13,-499.29,-173.94,64.1,69.81,,,
00:50.8,1450.1,-499.7,-174.81,65.77,69.52,,,
00:50.8,1451.07,-500.08,-175.7,67.31,69.27,,,
00:50.8,1452.03,-500.45,-176.59,68.65,68.97,,,
00:50.9,1452.98,-500.78,-177.48,69.97,68.67,,,
00:51.0,1453.93,-501.1,-178.38,71.43,68.38,,,
00:51.0,1454.88,-501.38,-179.28,73.04,68.07,,,
00:51.0,1455.83,-501.64,-180.19,74.85,67.72,,,
00:51.1,1456.77,-501.87,-181.1,76.8,67.42,,,
00:51.2,1457.71,-502.07,-182.01,78.45,67.14,,,
00:51.2,1458.64,-502.25,-182.92,79.75,66.86,,,
00:51.2,1459.56,-502.4,-183.84,80.8,66.64,,,
00:51.3,1460.49,-502.54,-184.75,82.21,66.69,,,
00:51.3,1461.42,-502.65,-185.68,83.93,66.86,,,
00:51.4,1462.35,-502.74,-186.6,85.69,67.08,,,
00:51.5,1463.28,-502.81,-187.53,87.35,67.46,,,
00:51.5,1464.22,-502.86,-188.47,88.8,67.67,,,
00:51.6,1465.16,-502.88,-189.41,89.99,67.87,,,
00:51.6,1466.1,-502.87,-190.35,91.03,67.96,,,
00:51.6,1467.05,-502.84,-191.3,92.1,68.17,,,
00:51.7,1468,-502.79,-192.25,93.37,68.54,,,
00:51.7,1468.95,-502.71,-193.2,94.79,68.96,,,
00:51.8,1469.92,-502.61,-194.15,96.23,69.47,,,
00:51.9,1470.89,-502.49,-195.11,97.57,69.97,,,
00:51.9,1471.86,-502.35,-196.08,98.84,70.6,,,
00:52.0,1472.85,-502.18,-197.05,100.13,71.35,,,
00:52.0,1473.85,-501.98,-198.03,101.44,72.1,,,
00:52.0,1474.86,-501.76,-199.01,102.71,72.84,,,
00:52.1,1475.87,-501.53,-200,104,73.76,,,
00:52.2,1476.9,-501.27,-201,105.43,74.72,,,
00:52.2,1477.95,-500.98,-202,107.11,75.63,,,
00:52.3,1479.01,-500.67,-203.01,108.95,76.5,,,
00:52.3,1480.08,-500.33,-204.02,110.73,77.35,,,
00:52.4,1481.16,-499.96,-205.04,112.33,78.31,,,
00:52.4,1482.25,-499.56,-206.06,113.86,79.3,,,
00:52.5,1483.36,-499.12,-207.08,115.35,80.33,,,
00:52.5,1484.48,-498.66,-208.1,116.69,81.34,,,
00:52.6,1485.62,-498.17,-209.12,117.85,82.36,,,
00:52.6,1486.77,-497.64,-210.15,118.84,83.45,,,
00:52.6,1487.94,-497.09,-211.18,119.79,84.6,,,
00:52.7,1489.12,-496.51,-212.21,120.58,85.9,,,
00:52.7,1490.32,-495.91,-213.25,121.14,87.32,,,
00:52.8,1491.55,-495.28,-214.3,121.42,88.82,,,
00:52.8,1492.79,-494.64,-215.36,121.52,90.34,,,
00:52.9,1494.05,-493.98,-216.45,121.53,91.77,,,
00:53.0,1495.34,-493.31,-217.54,121.58,92.88,,,
00:53.0,1496.64,-492.63,-218.65,121.63,94.08,,,
00:53.1,1497.95,-491.94,-219.77,121.67,95.57,,,
00:53.1,1499.29,-491.24,-220.91,121.71,97.17,,,
00:53.1,1500.65,-490.53,-222.06,121.73,98.57,,,
00:53.2,1502.03,-489.8,-223.24,121.75,99.9,,,
00:53.2,1503.43,-489.07,-224.42,121.72,101.28,,,
00:53.3,1504.84,-488.33,-225.63,121.62,102.61,,,
00:53.3,1506.28,-487.58,-226.85,121.46,103.88,,,
00:53.4,1507.73,-486.82,-228.09,121.26,105.13,,,
00:53.5,1509.2,-486.06,-229.34,121.05,106.42,,,
00:53.5,1510.68,-485.29,-230.62,120.78,107.64,,,
00:53.5,1512.19,-484.52,-231.91,120.5,108.93,,,
00:53.6,1513.71,-483.74,-233.22,120.24,110.36,,,
00:53.7,1515.25,-482.96,-234.55,119.93,111.71,,,
00:53.7,1516.81,-482.18,-235.9,119.54,112.97,,,
00:53.7,1518.39,-481.4,-237.27,119.09,114.33,,,
00:53.8,1519.99,-480.62,-238.66,118.57,115.65,,,
00:53.9,1521.6,-479.84,-240.08,117.99,116.96,,,
00:53.9,1523.24,-479.07,-241.52,117.37,118.28,,,
00:53.9,1524.89,-478.3,-242.98,116.71,119.58,,,
00:54.0,1526.56,-477.54,-244.47,116.06,120.81,,,
00:54.1,1528.24,-476.78,-245.97,115.31,121.95,,,
00:54.1,1529.94,-476.04,-247.5,114.51,123.04,,,
00:54.2,1531.66,-475.3,-249.06,113.7,124.22,,,
00:54.2,1533.39,-474.58,-250.63,113,125.46,,,
00:54.3,1535.14,-473.87,-252.23,112.48,126.77,,,
00:54.3,1536.91,-473.17,-253.86,111.89,127.83,,,
00:54.3,1538.7,-472.48,-255.5,111.29,128.94,,,
00:54.4,1540.5,-471.8,-257.17,110.86,130.21,,,
00:54.5,1542.31,-471.14,-258.86,110.44,131.49,,,
00:54.5,1544.15,-470.47,-260.57,110.3,133.03,,,
00:54.5,1546,-469.82,-262.31,110.35,134.23,,,
00:54.6,1547.87,-469.16,-264.06,110.08,134.65,,,
00:54.6,1549.75,-468.51,-265.82,109.43,135.56,,,
00:54.7,1551.64,-467.87,-267.59,108.8,136.82,,,
00:54.7,1553.55,-467.23,-269.4,108.24,138.22,,,
00:54.8,1555.48,-466.61,-271.22,107.71,139.64,,,
00:54.9,1557.43,-466,-273.07,107.32,140.98,,,
00:54.9,1559.4,-465.4,-274.95,106.97,142.35,,,
00:55.0,1561.38,-464.81,-276.84,106.57,143.7,,,
00:55.0,1563.39,-464.22,-278.76,106,144.95,,,
00:55.1,1565.41,-463.65,-280.7,105.16,146.07,,,
00:55.1,1567.45,-463.09,-282.66,104.32,147.35,,,
00:55.1,1569.5,-462.55,-284.64,103.9,148.59,,,
00:55.2,1571.57,-462.03,-286.64,103.17,149.41,,,
00:55.3,1573.65,-461.52,-288.66,102.29,150.4,,,
00:55.3,1575.75,-461.03,-290.7,101.67,151.62,,,
00:55.3,1577.86,-460.56,-292.76,101.06,152.81,,,
00:55.4,1579.99,-460.11,-294.85,100.31,153.96,,,
00:55.5,1582.14,-459.69,-296.95,99.68,155.16,,,
00:55.5,1584.3,-459.28,-299.07,99.15,156.42,,,
00:55.6,1586.48,-458.9,-301.22,98.76,157.74,,,
00:55.6,1588.68,-458.53,-303.39,98.43,158.97,,,
00:55.7,1590.9,-458.18,-305.58,97.87,159.94,,,
00:55.7,1593.12,-457.85,-307.78,97.16,160.97,,,
00:55.7,1595.37,-457.53,-310,96.42,161.93,,,
00:55.8,1597.62,-457.23,-312.24,95.49,162.84,,,
00:55.8,1599.89,-456.96,-314.49,94.37,163.8,,,
00:55.9,1602.17,-456.71,-316.76,93.38,164.95,,,
00:56.0,1604.47,-456.5,-319.04,92.84,166.04,,,
00:56.0,1606.78,-456.31,-321.35,92.41,166.96,,,
00:56.0,1609.11,-456.15,-323.67,91.85,168,,,
00:56.1,1611.45,-456.02,-326.01,91.52,169.16,,,
00:56.1,1613.8,-455.9,-328.36,91.47,170.1,,,
00:56.2,1616.17,-455.8,-330.73,91.3,170.66,,,
00:56.3,1618.54,-455.71,-333.1,90.53,171.3,,,
00:56.3,1620.93,-455.64,-335.48,89.94,172.46,,,
00:56.4,1623.33,-455.6,-337.89,89.85,173.61,,,
00:56.4,1625.75,-455.58,-340.3,89.84,174.65,,,
00:56.5,1628.18,-455.56,-342.73,89.69,175.13,,,
00:56.5,1630.61,-455.57,-345.17,89.51,174.99,,,
00:56.5,1633.04,-455.58,-347.6,89.31,174.84,,,
00:56.6,1635.47,-455.6,-350.02,89.19,174.71,,,
00:56.7,1637.89,-455.62,-352.45,89.1,174.59,,,
00:56.7,1640.32,-455.65,-354.87,89.07,174.49,,,
00:56.8,1642.74,-455.69,-357.29,89.07,174.35,,,
00:56.8,1645.16,-455.72,-359.71,89.27,174.19,,,
00:56.8,1647.58,-455.74,-362.13,89.66,174.03,,,
00:56.9,1650,-455.76,-364.55,90.14,173.87,,,
00:57.0,1652.41,-455.75,-366.96,90.62,173.69,,,
00:57.0,1654.82,-455.74,-369.37,91.17,173.49,,,
00:57.1,1657.23,-455.71,-371.78,91.69,173.27,,,
00:57.1,1659.63,-455.66,-374.18,92.27,173.03,,,
00:57.2,1662.03,-455.59,-376.58,92.86,172.79,,,
00:57.2,1664.43,-455.49,-378.98,93.34,172.57,,,
00:57.2,1666.83,-455.37,-381.37,93.89,172.35,,,
00:57.3,1669.22,-455.23,-383.76,94.55,172.12,,,
00:57.3,1671.61,-455.06,-386.14,95.27,171.88,,,
00:57.4,1673.99,-454.86,-388.52,95.94,171.63,,,
00:57.4,1676.37,-454.64,-390.89,96.64,171.4,,,
00:57.5,1678.75,-454.39,-393.26,97.34,171.15,,,
00:57.5,1681.13,-454.12,-395.62,98.16,170.91,,,
00:57.6,1683.5,-453.82,-397.97,98.78,170.65,,,
00:57.6,1685.87,-453.49,-400.32,99.24,170.41,,,
00:57.7,1688.23,-453.13,-402.65,99.82,170.19,,,
00:57.8,1690.6,-452.75,-404.99,100.49,169.95,,,
00:57.8,1692.95,-452.35,-407.31,101.3,169.7,,,
00:57.9,1695.31,-451.91,-409.62,102.06,169.42,,,
00:57.9,1697.66,-451.45,-411.93,102.64,169.16,,,
00:58.0,1700.01,-450.96,-414.22,103.14,168.92,,,
00:58.0,1702.35,-450.44,-416.51,103.59,168.71,,,
00:58.0,1704.69,-449.91,-418.79,104.45,168.46,,,
00:58.1,1707.03,-449.35,-421.06,105.68,168.19,,,
00:58.1,1709.37,-448.76,-423.32,106.61,167.88,,,
00:58.2,1711.69,-448.14,-425.57,107.47,167.57,,,
00:58.2,1714.02,-447.49,-427.8,108.38,167.27,,,
00:58.3,1716.34,-446.81,-430.02,109.23,166.98,,,
00:58.3,1718.66,-446.09,-432.22,110.03,166.67,,,
00:58.4,1720.97,-445.34,-434.41,110.84,166.33,,,
00:58.5,1723.28,-444.57,-436.58,111.46,165.61,,,
00:58.5,1725.57,-443.76,-438.73,111.87,164.5,,,
00:58.6,1727.84,-442.94,-440.85,112.32,163.22,,,
00:58.6,1730.1,-442.11,-442.95,112.85,161.78,,,
00:58.7,1732.34,-441.26,-445.01,113.15,160.21,,,
00:58.7,1734.55,-440.4,-447.06,113.49,158.6,,,
00:58.7,1736.74,-439.54,-449.07,114.03,156.94,,,
00:58.8,1738.91,-438.67,-451.05,114.5,155.25,,,
00:58.8,1741.05,-437.79,-453.01,114.9,153.69,,,
00:58.9,1743.18,-436.91,-454.95,115.47,152.2,,,
00:59.0,1745.28,-436.03,-456.86,116.35,150.54,,,
00:59.0,1747.36,-435.14,-458.73,117.21,148.5,,,
00:59.1,1749.4,-434.25,-460.57,117.59,146.37,,,
00:59.1,1751.42,-433.34,-462.38,117.57,144.36,,,
00:59.1,1753.41,-432.44,-464.16,117.65,142.45,,,
00:59.2,1755.38,-431.54,-465.9,117.84,140.48,,,
00:59.2,1757.32,-430.64,-467.62,117.97,138.36,,,
00:59.3,1759.22,-429.76,-469.31,118.25,136.24,,,
00:59.3,1761.1,-428.87,-470.96,118.57,134.06,,,
00:59.4,1762.95,-428,-472.59,118.96,131.82,,,
00:59.5,1764.76,-427.13,-474.18,119.2,129.46,,,
00:59.5,1766.54,-426.27,-475.74,119.27,127.2,,,
00:59.5,1768.3,-425.42,-477.27,119.32,125.09,,,
00:59.6,1770.02,-424.57,-478.78,119.41,123.03,,,
00:59.6,1771.71,-423.74,-480.25,119.6,121.11,,,
00:59.7,1773.38,-422.92,-481.71,119.82,119.05,,,
00:59.8,1775.02,-422.11,-483.13,119.99,116.85,,,
00:59.8,1776.63,-421.31,-484.53,120.16,114.71,,,
00:59.9,1778.21,-420.52,-485.89,120.27,112.52,,,
00:59.9,1779.75,-419.75,-487.23,120.35,110.34,,,
01:00.0,1781.27,-418.98,-488.54,120.38,108.13,,,
01:00.0,1782.76,-418.23,-489.83,120.42,106.11,,,
01:00.0,1784.22,-417.49,-491.08,120.52,104.19,,,
01:00.1,1785.65,-416.76,-492.32,120.67,102.31,,,
01:00.2,1787.06,-416.04,-493.53,120.97,100.47,,,
01:00.2,1788.44,-415.33,-494.72,121.4,98.6,,,
01:00.3,1789.8,-414.62,-495.87,121.94,96.72,,,
01:00.3,1791.13,-413.92,-497,122.48,95.11,,,
01:00.3,1792.44,-413.21,-498.11,122.96,93.74,,,
01:00.4,1793.74,-412.51,-499.19,123.44,92.53,,,
01:00.4,1795.01,-411.8,-500.25,124.01,91.43,,,
01:00.5,1796.28,-411.09,-501.3,124.73,90.39,,,
01:00.6,1797.53,-410.37,-502.32,125.54,89.38,,,
01:00.6,1798.76,-409.64,-503.32,126.38,88.37,,,
01:00.7,1799.98,-408.91,-504.29,127.32,87.34,,,
01:00.7,1801.19,-408.17,-505.25,128.48,86.25,,,
01:00.7,1802.38,-407.42,-506.17,129.68,85.13,,,
01:00.8,1803.55,-406.67,-507.07,130.89,83.93,,,
01:00.8,1804.71,-405.9,-507.94,132.22,82.7,,,
01:00.9,1805.85,-405.13,-508.78,133.64,81.46,,,
01:01.0,1806.97,-404.35,-509.59,134.97,80.21,,,
01:01.0,1808.08,-403.57,-510.37,136.22,79.01,,,
01:01.0,1809.17,-402.78,-511.12,137.41,77.87,,,
01:01.1,1810.24,-401.98,-511.84,138.49,76.72,,,
01:01.1,1811.3,-401.18,-512.53,139.75,75.63,,,
01:01.2,1812.34,-400.38,-513.19,141.27,74.71,,,
01:01.3,1813.38,-399.57,-513.83,142.8,73.93,,,
01:01.3,1814.4,-398.75,-514.44,144.12,73.13,,,
01:01.4,1815.41,-397.92,-515.02,145.52,72.24,,,
01:01.4,1816.41,-397.09,-515.57,147.18,71.42,,,
01:01.4,1817.39,-396.25,-516.09,148.96,70.66,,,
01:01.5,1818.37,-395.41,-516.59,150.72,70.07,,,
01:01.5,1819.35,-394.56,-517.05,152.46,69.69,,,
01:01.6,1820.31,-393.69,-517.48,154.17,69.42,,,
01:01.7,1821.28,-392.82,-517.88,155.91,69.15,,,
01:01.7,1822.24,-391.94,-518.26,157.68,68.89,,,
01:01.8,1823.19,-391.05,-518.6,159.45,68.62,,,
01:01.8,1824.15,-390.15,-518.92,161.3,68.35,,,
01:01.8,1825.1,-389.25,-519.21,163.15,68.07,,,
01:01.9,1826.04,-388.34,-519.47,165.05,67.77,,,
01:01.9,1826.98,-387.43,-519.69,166.96,67.49,,,
01:02.0,1827.92,-386.51,-519.89,168.74,67.23,,,
01:02.1,1828.85,-385.6,-520.06,170.34,66.97,,,
01:02.1,1829.78,-384.68,-520.19,171.94,66.69,,,
01:02.1,1830.71,-383.76,-520.3,173.7,66.42,,,
01:02.2,1831.63,-382.84,-520.39,175.63,66.3,,,
01:02.2,1832.55,-381.92,-520.44,177.63,66.66,,,
01:02.3,1833.49,-380.99,-520.47,107.44,67.33,,,
01:02.4,1834.43,-380.05,-520.47,-179.05,68.07,,,
01:02.4,1835.38,-379.1,-520.44,-177.63,68.79,,,
01:02.5,1836.34,-378.15,-520.39,-176.23,69.37,,,
01:02.5,1837.3,-377.18,-520.31,-174.92,69.54,,,
01:02.5,1838.27,-376.22,-520.2,-173.58,69.42,,,
01:02.6,1839.23,-375.27,-520.08,-171.94,69.19,,,
01:02.6,1840.2,-374.32,-519.92,-170.06,68.97,,,
01:02.7,1841.16,-373.38,-519.73,-168.19,69.16,,,
01:02.8,1842.12,-372.44,-519.52,-166.54,69.76,,,
01:02.8,1843.1,-371.5,-519.28,-165.08,70.6,,,
01:02.9,1844.09,-370.55,-519,-163.5,71.58,,,
01:02.9,1845.09,-369.6,-518.7,-161.65,72.58,,,
01:03.0,1846.11,-368.64,-518.35,-159.69,73.58,,,
01:03.0,1847.15,-367.69,-517.98,-157.98,74.55,,,
01:03.0,1848.19,-366.73,-517.57,-156.82,75.46,,,
01:03.1,1849.24,-365.76,-517.14,-155.73,76.41,,,
01:03.2,1850.31,-364.8,-516.69,-154.76,77.43,,,
01:03.2,1851.39,-363.82,-516.23,-153.96,78.08,,,
01:03.2,1852.47,-362.84,-515.75,-153.12,78.76,,,
01:03.3,1853.57,-361.86,-515.25,-152.16,79.46,,,
01:03.3,1854.69,-360.88,-514.74,-151.53,80.41,,,
01:03.4,1855.81,-359.89,-514.21,-151.33,81.77,,,
01:03.5,1856.96,-358.88,-513.66,-151.1,83.42,,,
01:03.5,1858.13,-357.86,-513.09,-150.7,84.93,,,
01:03.6,1859.32,-356.82,-512.5,-150.21,86.47,,,
01:03.6,1860.53,-355.77,-511.9,-149.75,87.95,,,
01:03.6,1861.76,-354.71,-511.28,-149.26,89.26,,,
01:03.7,1863.01,-353.64,-510.64,-148.76,90.58,,,
01:03.8,1864.28,-352.55,-509.99,-148.26,91.95,,,
01:03.8,1865.57,-351.46,-509.31,-147.82,93.39,,,
01:03.8,1866.87,-350.35,-508.62,-147.42,94.9,,,
01:03.9,1868.2,-349.23,-507.9,-147.08,96.43,,,
01:04.0,1869.55,-348.09,-507.17,-146.8,97.98,,,
01:04.0,1870.93,-346.94,-506.43,-146.59,99.51,,,
01:04.0,1872.32,-345.78,-505.66,-146.44,101.09,,,
01:04.1,1873.73,-344.6,-504.88,-146.33,102.62,,,
01:04.2,1875.17,-343.4,-504.09,-146.2,103.97,,,
01:04.2,1876.62,-342.2,-503.28,-146.08,105.34,,,
01:04.3,1878.1,-340.97,-502.46,-146.02,106.98,,,
01:04.3,1879.6,-339.73,-501.63,-146.03,108.69,,,
01:04.3,1881.11,-338.47,-500.78,-146.08,110.17,,,
01:04.4,1882.66,-337.19,-499.92,-146.14,111.54,,,
01:04.4,1884.21,-335.9,-499.05,-146.18,112.93,,,
01:04.5,1885.79,-334.59,-498.17,-146.2,114.38,,,
01:04.6,1887.39,-333.26,-497.28,-146.22,115.89,,,
01:04.6,1889.01,-331.91,-496.38,-146.24,117.22,,,
01:04.7,1890.65,-330.55,-495.47,-146.25,118.47,,,
01:04.7,1892.3,-329.18,-494.56,-146.27,119.73,,,
01:04.8,1893.98,-327.79,-493.63,-146.29,121.17,,,
01:04.8,1895.67,-326.38,-492.69,-146.3,122.58,,,
01:04.8,1897.37,-324.96,-491.74,-146.31,123.4,,,
01:04.9,1899.09,-323.53,-490.79,-146.34,123.97,,,
01:04.9,1900.82,-322.1,-489.83,-146.38,125.18,,,
01:05.0,1902.57,-320.64,-488.86,-146.4,126.64,,,
01:05.0,1904.34,-319.17,-487.88,-146.44,128.03,,,
01:05.1,1906.12,-317.68,-486.89,-146.47,129.32,,,
01:05.2,1907.92,-316.18,-485.9,-146.51,130.12,,,
01:05.2,1909.73,-314.67,-484.9,-146.57,130.84,,,
01:05.3,1911.56,-313.14,-483.89,-146.65,131.79,,,
01:05.3,1913.4,-311.61,-482.88,-146.72,133.07,,,
01:05.3,1915.25,-310.06,-481.86,-146.77,134.54,,,
01:05.4,1917.13,-308.49,-480.83,-146.81,135.86,,,
01:05.5,1919.03,-306.9,-479.79,-146.84,137.15,,,
01:05.5,1920.94,-305.3,-478.74,-146.89,138.55,,,
01:05.5,1922.88,-303.68,-477.68,-146.92,140.13,,,
01:05.6,1924.84,-302.04,-476.61,-146.94,141.7,,,
01:05.7,1926.81,-300.38,-475.54,-146.96,142.91,,,
01:05.7,1928.8,-298.71,-474.45,-146.98,143.96,,,
01:05.7,1930.81,-297.03,-473.36,-147.01,145.16,,,
01:05.8,1932.84,-295.33,-472.25,-147.04,146.43,,,
01:05.8,1934.88,-293.62,-471.14,-147.07,147.83,,,
01:05.9,1936.94,-291.88,-470.02,-147.08,149.34,,,
01:06.0,1939.02,-290.14,-468.89,-147.09,150.59,,,
01:06.0,1941.12,-288.37,-467.75,-147.11,151.68,,,
01:06.0,1943.24,-286.6,-466.6,-147.13,153.05,,,
01:06.1,1945.38,-284.8,-465.44,-147.13,154.52,,,
01:06.1,1947.53,-282.99,-464.27,-147.12,155.81,,,
01:06.2,1949.7,-281.17,-463.09,-147.09,156.9,,,
01:06.2,1951.89,-279.33,-461.9,-147.04,158.02,,,
01:06.3,1954.09,-277.48,-460.7,-147.01,159.39,,,
01:06.4,1956.32,-275.62,-459.49,-146.99,160.71,,,
01:06.4,1958.56,-273.74,-458.27,-146.99,162.07,,,
01:06.5,1960.82,-271.84,-457.04,-147,163.18,,,
01:06.5,1963.09,-269.93,-455.81,-147.01,164.09,,,
01:06.5,1965.38,-268.01,-454.56,-147.03,165.5,,,
01:06.6,1967.69,-266.08,-453.31,-147.05,166.82,,,
01:06.7,1970.01,-264.13,-452.04,-147.07,167.88,,,
01:06.7,1972.35,-262.16,-450.77,-147.09,169,,,
01:06.7,1974.71,-260.19,-449.49,-147.11,170.27,,,
01:06.8,1977.08,-258.19,-448.2,-147.13,171.49,,,
01:06.8,1979.47,-256.19,-446.91,-147.15,172.8,,,
01:06.9,1981.88,-254.16,-445.6,-147.16,173.96,,,
01:07.0,1984.3,-252.13,-444.28,-147.18,175.03,,,
01:07.0,1986.74,-250.08,-442.96,-147.2,175.91,,,
01:07.1,1989.19,-248.02,-441.64,-147.25,176.75,,,
01:07.1,1991.65,-245.95,-440.3,-147.29,178.02,,,
01:07.2,1994.13,-243.86,-438.96,-147.29,179.26,,,
01:07.2,1996.63,-241.76,-437.61,-147.28,180.36,,,
01:07.2,1999.14,-239.65,-436.25,-147.27,181.36,,,
01:07.3,2001.67,-237.52,-434.89,-147.25,182.39,,,
01:07.3,2004.21,-235.39,-433.51,-147.24,183.43,,,
01:07.4,2006.76,-233.24,-432.13,-147.21,184.42,,,
01:07.5,2009.33,-231.08,-430.74,-147.17,185.56,,,
01:07.5,2011.92,-228.9,-429.34,-147.15,186.67,,,
01:07.5,2014.51,-226.72,-427.93,-147.11,187.57,,,
01:07.6,2017.13,-224.52,-426.52,-147.07,188.74,,,
01:07.6,2019.76,-222.32,-425.09,-147.05,189.81,,,
01:07.7,2022.4,-220.1,-423.65,-147.04,190.75,,,
01:07.8,2025.06,-217.87,-422.21,-147.04,191.65,,,
01:07.8,2027.73,-215.63,-420.76,-147.05,192.66,,,
01:07.8,2030.41,-213.38,-419.3,-147.06,193.58,,,
01:07.9,2033.1,-211.12,-417.84,-147.06,194.47,,,
01:07.9,2035.81,-208.84,-416.36,-147.07,195.3,,,
01:08.0,2038.53,-206.56,-414.89,-147.07,196.36,,,
01:08.0,2041.26,-204.27,-413.4,-147.07,196.79,,,
01:08.1,2043.99,-201.98,-411.92,-147.05,196.57,,,
01:08.2,2046.72,-199.68,-410.43,-147.05,196.37,,,
01:08.2,2049.44,-197.4,-408.95,-147.04,196.19,,,
01:08.3,2052.17,-195.11,-407.47,-147.05,195.99,,,
01:08.3,2054.89,-192.83,-405.99,-147.06,195.76,,,
01:08.3,2057.61,-190.55,-404.51,-147.08,195.58,,,
01:08.4,2060.32,-188.27,-403.04,-147.09,195.4,,,
01:08.5,2063.03,-185.99,-401.56,-147.11,195.23,,,
01:08.5,2065.74,-183.72,-400.09,-147.13,195.01,,,
01:08.5,2068.45,-181.44,-398.62,-147.15,194.81,,,
01:08.6,2071.15,-179.17,-397.15,-147.17,194.59,,,
01:08.7,2073.86,-176.9,-395.69,-147.19,194.33,,,
01:08.7,2076.55,-174.63,-394.23,-147.2,194.07,,,
01:08.7,2079.25,-172.37,-392.77,-147.18,193.8,,,
01:08.8,2081.94,-170.11,-391.31,-147.11,193.53,,,
01:08.8,2084.62,-167.85,-389.85,-147.01,193.3,,,
01:08.9,2087.31,-165.6,-388.39,-146.88,193.04,,,
01:09.0,2089.99,-163.36,-386.93,-146.76,192.77,,,
01:09.0,2092.66,-161.11,-385.47,-146.65,192.51,,,
01:09.0,2095.33,-158.88,-384.01,-146.55,192.26,,,
01:09.1,2098,-156.65,-382.54,-146.44,192.02,,,
01:09.1,2100.67,-154.43,-381.07,-146.34,191.63,,,
01:09.2,2103.32,-152.21,-379.61,-146.3,190.77,,,
01:09.3,2105.96,-150.01,-378.15,-146.26,189.52,,,
01:09.3,2108.58,-147.83,-376.69,-146.2,187.91,,,
01:09.3,2111.18,-145.67,-375.25,-146.08,186.17,,,
01:09.4,2113.76,-143.53,-373.82,-145.88,184.49,,,
01:09.4,2116.31,-141.42,-372.39,-145.56,182.89,,,
01:09.5,2118.83,-139.33,-370.97,-145.19,181.14,,,
01:09.6,2121.34,-137.26,-369.55,-144.86,179.46,,,
01:09.6,2123.82,-135.23,-368.13,-144.6,177.84,,,
01:09.7,2126.28,-133.21,-366.72,-144.16,176.3,,,
01:09.7,2128.71,-131.23,-365.3,-143.43,174.58,,,
01:09.8,2131.13,-129.28,-363.89,-142.68,172.7,,,
01:09.8,2133.51,-127.36,-362.47,-142.04,171.01,,,
01:09.9,2135.88,-125.47,-361.04,-141.59,169.39,,,
01:09.9,2138.22,-123.62,-359.61,-141.02,167.78,,,
01:10.0,2140.54,-121.8,-358.17,-140.4,166.2,,,
01:10.0,2142.83,-120.01,-356.73,-139.85,164.75,,,
01:10.0,2145.11,-118.25,-355.29,-139.23,163.27,,,
01:10.1,2147.37,-116.51,-353.84,-138.49,161.74,,,
01:10.2,2149.6,-114.81,-352.39,-137.66,160.2,,,
01:10.2,2151.82,-113.15,-350.93,-136.93,158.79,,,
01:10.2,2154.02,-111.52,-349.46,-136.67,157.51,,,
01:10.3,2156.19,-109.91,-347.99,-136.26,156.25,,,
01:10.4,2158.36,-108.33,-346.51,-135.27,155.07,,,
01:10.4,2160.5,-106.78,-345.03,-134.62,153.89,,,
01:10.5,2162.63,-105.26,-343.54,-134.08,152.69,,,
01:10.5,2164.74,-103.77,-342.04,-133.4,151.54,,,
01:10.5,2166.84,-102.3,-340.54,-132.73,150.46,,,
01:10.6,2168.92,-100.87,-339.04,-132.01,149.38,,,
01:10.7,2170.98,-99.45,-337.53,-131.17,148.34,,,
01:10.7,2173.03,-98.07,-336.01,-130.24,147.23,,,
01:10.7,2175.07,-96.72,-334.49,-129.16,146.1,,,
01:10.8,2177.09,-95.4,-332.95,-127.99,144.95,,,
01:10.8,2179.1,-94.12,-331.41,-127.18,143.84,,,
01:10.9,2181.09,-92.88,-329.85,-126.6,142.74,,,
01:11.0,2183.06,-91.68,-328.29,-125.77,141.7,,,
01:11.0,2185.02,-90.5,-326.72,-124.9,140.71,,,
01:11.1,2186.97,-89.35,-325.15,-124.33,139.7,,,
01:11.1,2188.9,-88.23,-323.57,-123.74,138.73,,,
01:11.2,2190.82,-87.13,-322,-122.92,137.63,,,
01:11.2,2192.72,-86.06,-320.42,-121.83,136.51,,,
01:11.2,2194.61,-85.02,-318.84,-120.94,135.57,,,
01:11.3,2196.48,-84.01,-317.26,-120.46,134.57,,,
01:11.3,2198.35,-83.03,-315.68,-119.17,133.66,,,
01:11.4,2200.2,-82.08,-314.09,-118.36,132.82,,,
01:11.5,2202.04,-81.16,-312.5,-118.42,132.2,,,
01:11.5,2203.86,-80.25,-310.91,-117.84,131.59,,,
01:11.5,2205.69,-79.36,-309.32,-116.52,131.09,,,
01:11.6,2207.51,-78.49,-307.72,-115.3,130.51,,,
01:11.7,2209.31,-77.66,-306.12,-113.89,129.93,,,
01:11.7,2211.12,-76.87,-304.5,-112.44,129.4,,,
01:11.8,2212.91,-76.12,-302.87,-111.62,128.9,,,
01:11.8,2214.69,-75.41,-301.23,-111.03,128.49,,,
01:11.8,2216.47,-74.72,-299.59,-110.05,128.14,,,
01:11.9,2218.25,-74.05,-297.94,-109.01,127.82,,,
01:11.9,2220.02,-73.4,-296.29,-108.45,127.53,,,
01:12.0,2221.79,-72.77,-294.64,-108.4,127.26,,,
01:12.0,2223.55,-72.17,-292.98,-108.47,127.07,,,
01:12.1,2225.31,-71.57,-291.32,-108.34,126.94,,,
01:12.2,2227.07,-70.98,-289.66,-107.94,126.77,,,
01:12.2,2228.83,-70.4,-288,-107.44,126.44,,,
01:12.3,2230.58,-69.85,-286.34,-106.92,126.09,,,
01:12.3,2232.33,-69.32,-284.67,-106.24,125.7,,,
01:12.3,2234.08,-68.83,-283.01,-105.37,125.32,,,
01:12.4,2235.81,-68.36,-281.33,-104.4,124.94,,,
01:12.5,2237.55,-67.91,-279.66,-103.35,124.55,,,
01:12.5,2239.27,-67.5,-277.99,-102.25,124.17,,,
01:12.5,2240.99,-67.11,-276.31,-101.12,123.78,,,
01:12.6,2242.71,-66.74,-274.64,-99.95,123.38,,,
01:12.6,2244.42,-66.41,-272.96,-98.78,123,,,
01:12.7,2246.12,-66.11,-271.28,-97.63,122.65,,,
01:12.8,2247.82,-65.84,-269.61,-96.52,122.33,,,
01:12.8,2249.52,-65.6,-267.93,-95.44,122.06,,,
01:12.8,2251.21,-65.39,-266.25,-94.39,121.81,,,
01:12.9,2252.9,-65.21,-264.57,-93.38,121.56,,,
01:12.9,2254.59,-65.06,-262.89,-92.38,121.3,,,
01:13.0,2256.27,-64.95,-261.22,-91.41,121.05,,,
01:13.0,2257.95,-64.86,-259.54,-90.48,120.8,,,
01:13.1,2259.62,-64.8,-257.87,-89.59,120.56,,,
01:13.2,2261.29,-64.78,-256.2,-88.75,120.34,,,
01:13.2,2262.96,-64.78,-254.53,-88.02,120.13,,,
01:13.3,2264.63,-64.82,-252.86,-87.41,119.94,,,
01:13.3,2266.3,-64.87,-251.2,-86.93,119.77,,,
01:13.3,2267.96,-64.95,-249.54,-86.52,119.6,,,
01:13.4,2269.62,-65.04,-247.88,-86.17,119.42,,,
01:13.5,2271.28,-65.14,-246.23,-85.9,119.06,,,
01:13.5,2272.93,-65.26,-244.59,-85.76,118.28,,,
01:13.5,2274.57,-65.37,-242.96,-85.74,117.18,,,
01:13.6,2276.19,-65.49,-241.34,-85.78,115.89,,,
01:13.7,2277.79,-65.61,-239.75,-85.8,114.52,,,
01:13.7,2279.37,-65.72,-238.17,-85.81,113.09,,,
01:13.7,2280.93,-65.84,-236.61,-85.81,111.66,,,
01:13.8,2282.47,-65.95,-235.08,-85.83,110.08,,,
01:13.9,2283.99,-66.06,-233.56,-85.81,108.62,,,
01:13.9,2285.49,-66.17,-232.07,-85.86,106.94,,,
01:14.0,2286.96,-66.27,-230.6,-85.92,105.25,,,
01:14.0,2288.41,-66.37,-229.15,-86.01,103.64,,,
01:14.1,2289.84,-66.47,-227.73,-86.15,101.9,,,
01:14.1,2291.24,-66.56,-226.33,-86.28,100.15,,,
01:14.2,2292.62,-66.65,-224.95,-86.47,98.38,,,
01:14.2,2293.98,-66.73,-223.6,-86.71,96.6,,,
01:14.2,2295.31,-66.81,-222.27,-87.08,94.78,,,
01:14.3,2296.61,-66.87,-220.97,-87.54,92.94,,,
01:14.3,2297.89,-66.92,-219.7,-88.04,91.07,,,
01:14.4,2299.14,-66.95,-218.44,-88.65,89.24,,,
01:14.5,2300.37,-66.98,-217.22,-89.47,87.51,,,
01:14.5,2301.57,-66.99,-216.01,-90.32,85.83,,,
01:14.6,2302.75,-66.98,-214.83,-91.12,84.14,,,
01:14.6,2303.91,-66.95,-213.68,-92.08,82.64,,,
01:14.7,2305.05,-66.9,-212.54,-93.09,81.01,,,
01:14.7,2306.16,-66.84,-211.43,-94,79.43,,,
01:14.7,2307.26,-66.75,-210.34,-95.02,78.08,,,
01:14.8,2308.33,-66.65,-209.27,-95.99,76.64,,,
01:14.8,2309.38,-66.53,-208.22,-96.97,75.19,,,
01:14.9,2310.42,-66.39,-207.2,-98.2,73.86,,,
01:15.0,2311.44,-66.23,-206.19,-99.51,72.45,,,
01:15.0,2312.43,-66.06,-205.21,-100.74,71.06,,,
01:15.0,2313.41,-65.86,-204.25,-101.99,69.77,,,
01:15.1,2314.37,-65.65,-203.32,-103.24,68.42,,,
01:15.2,2315.32,-65.42,-202.4,-104.48,67.06,,,
01:15.2,2316.24,-65.17,-201.52,-105.78,65.69,,,
01:15.2,2317.14,-64.9,-200.65,-107.11,64.4,,,
01:15.3,2318.03,-64.62,-199.81,-108.43,63.2,,,
01:15.3,2318.9,-64.33,-198.99,-109.81,62.18,,,
01:15.4,2319.76,-64.02,-198.19,-111.32,61.3,,,
01:15.4,2320.61,-63.69,-197.42,-112.94,60.51,,,
01:15.5,2321.45,-63.34,-196.66,-114.63,59.75,,,
01:15.5,2322.27,-62.97,-195.92,-116.35,58.96,,,
01:15.6,2323.09,-62.59,-195.2,-118.14,58.17,,,
01:15.7,2323.9,-62.18,-194.51,-120.01,57.44,,,
01:15.7,2324.69,-61.76,-193.84,-121.95,56.82,,,
01:15.8,2325.48,-61.32,-193.19,-123.95,56.37,,,
01:15.8,2326.27,-60.86,-192.55,-125.95,56.09,,,
01:15.8,2327.05,-60.38,-191.94,-127.92,55.83,,,
01:15.9,2327.82,-59.88,-191.35,-129.88,55.56,,,
01:15.9,2328.6,-59.37,-190.78,-131.86,55.28,,,
01:16.0,2329.37,-58.83,-190.23,-133.87,55.01,,,
01:16.0,2330.13,-58.28,-189.7,-135.94,54.73,,,
01:16.1,2330.9,-57.72,-189.2,-138.03,54.45,,,
01:16.2,2331.66,-57.14,-188.72,-140.19,54.16,,,
01:16.2,2332.41,-56.54,-188.27,-142.36,53.9,,,
01:16.2,2333.16,-55.93,-187.84,-144.37,53.67,,,
01:16.3,2333.91,-55.31,-187.43,-146.25,53.42,,,
01:16.4,2334.65,-54.67,-187.04,-148.16,53.14,,,
01:16.4,2335.39,-54.03,-186.69,-150.27,52.87,,,
01:16.5,2336.13,-53.38,-186.35,-152.48,52.62,,,
01:16.5,2336.86,-52.72,-186.05,-154.7,52.38,,,
01:16.5,2337.59,-52.05,-185.76,-156.86,52.17,,,
01:16.6,2338.32,-51.37,-185.51,-158.88,52.08,,,
01:16.6,2339.05,-50.69,-185.27,-160.84,52.15,,,
01:16.7,2339.78,-49.99,-185.07,-162.83,52.23,,,
01:16.8,2340.51,-49.29,-184.89,-164.86,52.33,,,
01:16.8,2341.24,-48.58,-184.73,-166.94,52.5,,,
01:16.8,2341.98,-47.86,-184.6,-169.03,52.67,,,
01:16.9,2342.71,-47.14,-184.49,-171.08,52.87,,,
01:16.9,2343.45,-46.41,-184.41,-173.14,53.18,,,
01:17.0,2344.2,-45.67,-184.36,-175.13,53.59,,,
01:17.0,2344.95,-44.92,-184.33,-177.06,54.03,,,
01:17.1,2345.71,-44.17,-184.32,-178.99,54.53,,,
01:17.2,2346.47,-43.41,-184.34,179.05,55.06,,,
01:17.2,2347.24,-42.64,-184.39,177.1,55.7,,,
01:17.3,2348.03,-41.86,-184.46,175.16,56.42,,,
01:17.3,2348.82,-41.08,-184.56,173.25,57.19,,,
01:17.3,2349.62,-40.29,-184.68,171.47,58,,,
01:17.4,2350.44,-39.49,-184.82,169.81,58.85,,,
01:17.5,2351.26,-38.69,-184.99,168.36,59.76,,,
01:17.5,2352.1,-37.87,-185.18,167.31,60.69,,,
01:17.6,2352.95,-37.05,-185.38,166.64,61.01,,,
01:17.6,2353.79,-36.23,-185.58,166.35,60.91,,,
01:17.7,2354.64,-35.41,-185.78,166.49,60.8,,,
01:17.7,2355.48,-34.58,-185.96,167.07,60.68,,,
01:17.7,2356.32,-33.76,-186.13,168.06,60.53,,,
01:17.8,2357.16,-32.93,-186.29,169.42,60.37,,,
01:17.8,2358,-32.11,-186.41,171.04,60.19,,,
01:17.9,2358.84,-31.28,-186.52,172.78,60,,,
01:18.0,2359.67,-30.45,-186.59,174.63,59.79,,,
01:18.0,2360.51,-29.62,-186.64,176.58,59.58,,,
01:18.0,2361.34,-28.8,-186.66,178.54,59.38,,,
01:18.1,2362.16,-27.97,-186.66,-107.55,59.18,,,
01:18.2,2362.98,-27.16,-186.63,-177.62,58.95,,,
01:18.2,2363.8,-26.34,-186.57,-175.54,58.71,,,
01:18.3,2364.62,-25.53,-186.48,-173.42,58.5,,,
01:18.3,2365.44,-24.73,-186.36,-171.37,58.29,,,
01:18.3,2366.25,-23.93,-186.22,-169.44,58.06,,,
01:18.4,2367.05,-23.15,-186.05,-167.59,57.83,,,
01:18.5,2367.86,-22.37,-185.85,-165.67,57.6,,,
01:18.5,2368.66,-21.61,-185.63,-163.73,57.38,,,
01:18.5,2369.46,-20.85,-185.38,-161.77,57.17,,,
01:18.6,2370.25,-20.11,-185.11,-159.84,56.97,,,
01:18.7,2371.05,-19.37,-184.81,-157.9,56.74,,,
01:18.7,2371.83,-18.65,-184.49,-155.92,56.5,,,
01:18.7,2372.62,-17.95,-184.15,-153.86,56.28,,,
01:18.8,2373.41,-17.26,-183.78,-151.76,56.07,,,
01:18.8,2374.19,-16.59,-183.39,-149.79,55.86,,,
01:18.9,2374.96,-15.93,-182.98,-147.89,55.86,,,
01:19.0,2375.75,-15.29,-182.54,-146.02,56.27,,,
01:19.0,2376.53,-14.65,-182.08,-144.21,56.9,,,
01:19.1,2377.33,-14.03,-181.59,-142.43,57.64,,,
01:19.1,2378.14,-13.4,-181.08,-140.66,58.38,,,
01:19.2,2378.96,-12.79,-180.54,-138.98,59.15,,,
01:19.2,2379.79,-12.18,-179.98,-137.43,59.94,,,
01:19.3,2380.63,-11.58,-179.4,-135.95,60.71,,,
01:19.3,2381.48,-10.99,-178.79,-134.41,61.49,,,
01:19.3,2382.34,-10.41,-178.16,-132.82,62.25,,,
01:19.4,2383.21,-9.83,-177.51,-131.2,62.96,,,
01:19.5,2384.09,-9.27,-176.83,-129.61,63.65,,,
01:19.5,2384.98,-8.72,-176.13,-128.09,64.36,,,
01:19.6,2385.88,-8.18,-175.41,-126.63,65.07,,,
01:19.6,2386.79,-7.65,-174.67,-125.21,65.8,,,
01:19.7,2387.71,-7.14,-173.91,-123.78,66.54,,,
01:19.7,2388.64,-6.64,-173.13,-122.31,67.36,,,
01:19.8,2389.58,-6.15,-172.32,-120.83,68.25,,,
01:19.8,2390.54,-5.68,-171.49,-119.32,69.2,,,
01:19.8,2391.51,-5.22,-170.64,-117.74,70.21,,,
01:19.9,2392.49,-4.77,-169.77,-116.14,71.26,,,
01:20.0,2393.49,-4.34,-168.87,-114.58,72.3,,,
01:20.0,2394.5,-3.93,-167.95,-113.02,73.34,,,
01:20.0,2395.53,-3.53,-167,-111.4,74.35,,,
01:20.1,2396.57,-3.15,-166.03,-109.75,75.3,,,
01:20.1,2397.62,-2.79,-165.04,-108.15,76.23,,,
01:20.2,2398.69,-2.44,-164.04,-106.57,77.17,,,
01:20.3,2399.76,-2.12,-163.01,-104.98,78.08,,,
01:20.3,2400.85,-1.83,-161.96,-103.41,78.95,,,
01:20.3,2401.95,-1.55,-160.89,-101.95,79.82,,,
01:20.4,2403.07,-1.3,-159.8,-100.64,80.74,,,
01:20.4,2404.2,-1.07,-158.7,-99.36,81.69,,,
01:20.5,2405.34,-0.86,-157.58,-98.08,82.64,,,
01:20.5,2406.49,-0.68,-156.44,-96.95,83.62,,,
01:20.6,2407.66,-0.51,-155.28,-96.05,84.71,,,
01:20.7,2408.84,-0.37,-154.1,-95.27,85.9,,,
01:20.7,2410.04,-0.24,-152.91,-94.58,87.13,,,
01:20.8,2411.26,-0.14,-151.7,-94.01,88.39,,,
01:20.8,2412.5,-0.04,-150.46,-93.45,89.64,,,
01:20.8,2413.75,0.04,-149.21,-92.88,90.87,,,
01:20.9,2415.02,0.11,-147.94,-92.34,92.29,,,
01:21.0,2416.32,0.17,-146.65,-91.9,93.9,,,
01:21.0,2417.63,0.21,-145.34,-91.6,95.57,,,
01:21.1,2418.97,0.25,-144,-91.36,97.18,,,
01:21.1,2420.33,0.29,-142.64,-91.05,98.29,,,
01:21.2,2421.7,0.32,-141.27,-90.64,99.36,,,
01:21.2,2423.09,0.34,-139.88,-90.26,100.65,,,
01:21.2,2424.5,0.35,-138.47,-89.99,102.19,,,
01:21.3,2425.93,0.36,-137.04,-89.79,103.76,,,
01:21.3,2427.38,0.36,-135.59,-89.57,105.27,,,
01:21.4,2428.85,0.35,-134.12,-89.36,106.53,,,
01:21.5,2430.34,0.34,-132.63,-89.19,107.95,,,
01:21.5,2431.85,0.32,-131.12,-89.07,109.53,,,
01:21.5,2433.38,0.3,-129.59,-88.96,110.9,,,
01:21.6,2434.93,0.27,-128.04,-88.78,111.86,,,
01:21.6,2436.49,0.25,-126.48,-88.55,112.76,,,
01:21.7,2438.06,0.21,-124.91,-88.32,113.93,,,
01:21.8,2439.65,0.17,-123.32,-88.21,115.46,,,
01:21.8,2441.27,0.13,-121.7,-88.07,116.94,,,
01:21.8,2442.9,0.08,-120.07,-87.93,118.26,,,
01:21.9,2444.55,0.02,-118.42,-87.83,119.71,,,
01:22.0,2446.23,-0.03,-116.75,-87.77,121.03,,,
01:22.0,2447.91,-0.09,-115.06,-87.7,122.21,,,
01:22.0,2449.62,-0.16,-113.36,-87.62,123.42,,,
01:22.1,2451.34,-0.23,-111.63,-87.57,124.82,,,
01:22.2,2453.09,-0.3,-109.89,-87.52,126.16,,,
01:22.2,2454.85,-0.37,-108.13,-87.46,127.52,,,
01:22.2,2456.63,-0.44,-106.35,-87.42,128.93,,,
01:22.3,2458.43,-0.52,-104.56,-87.38,130.29,,,
01:22.3,2460.25,-0.6,-102.74,-87.36,131.56,,,
01:22.4,2462.08,-0.68,-100.9,-87.34,132.85,,,
01:22.5,2463.94,-0.77,-99.05,-87.33,134.15,,,
01:22.5,2465.81,-0.85,-97.18,-87.32,135.41,,,
01:22.6,2467.7,-0.94,-95.29,-87.3,136.75,,,
01:22.6,2469.61,-1.02,-93.39,-87.29,138.11,,,
01:22.7,2471.54,-1.11,-91.46,-87.27,139.48,,,
01:22.7,2473.48,-1.2,-89.52,-87.24,140.61,,,
01:22.7,2475.44,-1.3,-87.56,-87.25,141.62,,,
01:22.8,2477.42,-1.39,-85.59,-87.32,142.79,,,
01:22.8,2479.41,-1.48,-83.6,-87.45,144.22,,,
01:22.9,2481.42,-1.57,-81.59,-87.62,145.58,,,
01:23.0,2483.45,-1.65,-79.56,-87.8,146.9,,,
01:23.0,2485.5,-1.74,-77.51,-87.94,148.36,,,
01:23.0,2487.57,-1.81,-75.44,-88.03,149.59,,,
01:23.1,2489.66,-1.89,-73.36,-88.15,150.69,,,
01:23.2,2491.76,-1.96,-71.26,-88.23,151.98,,,
01:23.2,2493.88,-2.03,-69.14,-88.32,153.15,,,
01:23.3,2496.01,-2.1,-67,-88.43,154.5,,,
01:23.3,2498.17,-2.16,-64.85,-88.52,156,,,
01:23.3,2500.35,-2.22,-62.67,-88.58,157.24,,,
01:23.4,2502.54,-2.28,-60.48,-88.67,158.37,,,
01:23.4,2504.74,-2.33,-58.28,-88.76,159.54,,,
01:23.5,2506.97,-2.38,-56.05,-88.86,160.54,,,
01:23.5,2509.2,-2.43,-53.82,-88.96,161.71,,,
01:23.6,2511.46,-2.48,-51.56,-89.03,163.02,,,
01:23.7,2513.74,-2.52,-49.29,-89.05,164.5,,,
01:23.7,2516.03,-2.56,-47,-89,165.64,,,
01:23.8,2518.33,-2.61,-44.69,-88.95,166.68,,,
01:23.8,2520.66,-2.65,-42.37,-88.91,167.64,,,
,,,,,,,,
