,sLapDistance,xCarX,xCarY,vCar,aYaw
00:00.0,1.04,-25.97,-209.81,187.97,-147.45
00:00.1,3.66,-23.77,-208.4,188.82,-147.47
00:00.1,6.29,-21.55,-206.99,189.7,-147.49
00:00.2,8.93,-19.33,-205.57,190.56,-147.5
00:00.2,11.58,-17.09,-204.15,191.41,-147.52
00:00.3,14.25,-14.84,-202.72,192.25,-147.53
00:00.3,16.92,-12.59,-201.28,193.1,-147.55
00:00.4,19.61,-10.32,-199.84,193.93,-147.56
00:00.4,22.31,-8.04,-198.39,194.75,-147.58
00:00.5,25.02,-5.75,-196.94,195.57,-147.59
00:00.5,27.74,-3.45,-195.48,196.38,-147.6
00:00.6,30.47,-1.15,-194.01,197.16,-147.6
00:00.6,33.22,1.17,-192.54,197.95,-147.6
00:00.7,35.97,3.5,-191.07,198.73,-147.61
00:00.7,38.74,5.83,-189.59,199.5,-147.61
00:00.8,41.51,8.17,-188.1,200.3,-147.62
00:00.8,44.3,10.53,-186.61,201.06,-147.62
00:00.9,47.1,12.89,-185.11,201.8,-147.63
00:00.9,49.91,15.26,-183.61,202.55,-147.63
00:01.0,52.73,17.64,-182.1,203.31,-147.64
00:01.0,55.55,20.03,-180.58,204.04,-147.62
00:01.1,58.39,22.43,-179.06,204.77,-147.6
00:01.1,61.24,24.83,-177.54,205.52,-147.58
00:01.2,64.1,27.25,-176.01,206.22,-147.55
00:01.2,66.97,29.67,-174.47,206.94,-147.51
00:01.3,69.85,32.1,-172.92,207.65,-147.46
00:01.3,72.74,34.54,-171.37,208.34,-147.4
00:01.4,75.64,36.98,-169.81,209.07,-147.34
00:01.4,78.55,39.43,-168.25,209.76,-147.3
00:01.5,81.46,41.89,-166.67,210.43,-147.24
00:01.5,84.39,44.35,-165.09,211.13,-147.18
00:01.6,87.33,46.82,-163.5,211.81,-147.12
00:01.6,90.28,49.3,-161.91,212.49,-147.08
00:01.7,93.23,51.78,-160.3,213.15,-147.04
00:01.7,96.2,54.27,-158.69,213.81,-147
00:01.8,99.17,56.76,-157.08,214.43,-146.95
00:01.8,102.15,59.27,-155.45,215.13,-146.9
00:01.9,105.14,61.77,-153.82,215.75,-146.86
00:01.9,108.15,64.29,-152.19,216.4,-146.8
00:02.0,111.16,66.81,-150.54,217.05,-146.76
00:02.0,114.18,69.34,-148.89,217.68,-146.73
00:02.0,117.2,71.87,-147.23,218.33,-146.69
00:02.1,120.24,74.41,-145.57,218.94,-146.65
00:02.2,123.28,76.95,-143.9,219.54,-146.6
00:02.2,126.34,79.5,-142.22,220.17,-146.54
00:02.3,129.4,82.06,-140.53,220.8,-146.49
00:02.3,132.47,84.62,-138.84,221.35,-146.39
00:02.4,135.55,87.19,-137.14,222.01,-146.29
00:02.4,138.64,89.76,-135.43,222.58,-146.22
00:02.5,141.73,92.33,-133.72,223.18,-146.14
00:02.5,144.84,94.92,-131.99,223.74,-146.08
00:02.6,147.95,97.5,-130.26,224.33,-146
00:02.6,151.07,100.09,-128.52,224.94,-145.95
00:02.7,154.2,102.68,-126.77,225.5,-145.9
00:02.7,157.33,105.28,-125.02,226.08,-145.86
00:02.8,160.48,107.89,-123.26,226.64,-145.82
00:02.8,163.63,110.5,-121.49,227.21,-145.78
00:02.9,166.79,113.11,-119.72,227.75,-145.75
00:02.9,169.95,115.73,-117.94,228.28,-145.71
00:03.0,173.13,118.36,-116.16,228.86,-145.68
00:03.0,176.31,120.99,-114.37,229.41,-145.65
00:03.1,179.5,123.62,-112.57,229.94,-145.63
00:03.1,182.7,126.26,-110.77,230.49,-145.6
00:03.2,185.9,128.91,-108.96,230.99,-145.58
00:03.2,189.11,131.56,-107.15,231.49,-145.57
00:03.3,192.33,134.22,-105.33,232.06,-145.55
00:03.3,195.56,136.88,-103.51,232.6,-145.53
00:03.4,198.79,139.54,-101.68,233.12,-145.51
00:03.4,202.04,142.22,-99.84,233.62,-145.49
00:03.5,205.28,144.89,-98.01,234.12,-145.48
00:03.5,208.54,147.58,-96.16,234.65,-145.46
00:03.6,211.8,150.27,-94.31,235.12,-145.44
00:03.6,215.07,152.96,-92.46,235.64,-145.41
00:03.7,218.35,155.66,-90.6,236.15,-145.4
00:03.7,221.63,158.36,-88.74,236.59,-145.4
00:03.8,224.92,161.07,-86.88,237.08,-145.39
00:03.8,228.22,163.78,-85.01,237.6,-145.37
00:03.9,231.52,166.5,-83.13,238.08,-145.36
00:03.9,234.83,169.23,-81.25,238.56,-145.35
00:04.0,238.14,171.95,-79.37,239.04,-145.35
00:04.0,241.47,174.69,-77.48,239.51,-145.36
00:04.0,244.8,177.43,-75.59,239.99,-145.38
00:04.1,248.13,180.17,-73.69,240.46,-145.4
00:04.2,251.48,182.93,-71.79,240.89,-145.43
00:04.2,254.83,185.68,-69.89,241.37,-145.49
00:04.3,258.18,188.45,-67.99,241.83,-145.54
00:04.3,261.54,191.22,-66.09,242.28,-145.58
00:04.4,264.91,193.99,-64.18,242.74,-145.6
00:04.4,268.29,196.78,-62.28,243.18,-145.62
00:04.5,271.67,199.57,-60.37,243.62,-145.66
00:04.5,275.05,202.36,-58.45,244.07,-145.7
00:04.6,278.45,205.16,-56.54,244.5,-145.75
00:04.6,281.85,207.97,-54.63,244.95,-145.8
00:04.7,285.25,210.79,-52.71,245.35,-145.85
00:04.7,288.66,213.61,-50.79,245.79,-145.89
00:04.8,292.08,216.43,-48.88,246.21,-145.91
00:04.8,295.5,219.27,-46.96,246.64,-145.91
00:04.9,298.93,222.1,-45.03,247.05,-145.86
00:04.9,302.36,224.95,-43.1,247.48,-145.79
00:05.0,305.8,227.79,-41.17,247.9,-145.72
00:05.0,309.25,230.64,-39.23,248.3,-145.64
00:05.1,312.7,233.49,-37.29,248.69,-145.56
00:05.1,316.16,236.35,-35.34,249.11,-145.49
00:05.2,319.62,239.2,-33.39,249.53,-145.46
00:05.2,323.09,242.06,-31.43,249.92,-145.47
00:05.2,326.56,244.93,-29.46,250.32,-145.5
00:05.3,330.04,247.8,-27.49,250.72,-145.5
00:05.3,333.53,250.67,-25.52,251.12,-145.46
00:05.4,337.02,253.54,-23.54,251.48,-145.43
00:05.5,340.51,256.42,-21.56,251.86,-145.39
00:05.5,344.01,259.31,-19.58,252.24,-145.37
00:05.6,347.52,262.19,-17.59,252.63,-145.35
00:05.6,351.03,265.08,-15.59,253.01,-145.36
00:05.7,354.55,267.98,-13.6,253.38,-145.38
00:05.7,358.07,270.88,-11.6,253.75,-145.38
00:05.8,361.6,273.78,-9.59,254.12,-145.39
00:05.8,365.13,276.69,-7.59,254.47,-145.4
00:05.8,368.66,279.6,-5.58,254.84,-145.42
00:05.9,372.21,282.51,-3.57,255.18,-145.43
00:05.9,375.75,285.43,-1.56,255.52,-145.46
00:06.0,379.3,288.36,0.45,255.86,-145.51
00:06.0,382.86,291.29,2.47,255.67,-145.49
00:06.1,386.4,294.21,4.47,254.26,-145.44
00:06.2,389.92,297.1,6.46,252.16,-145.52
00:06.2,393.4,299.98,8.44,249.61,-145.57
00:06.2,396.85,302.82,10.38,246.68,-145.6
00:06.3,400.25,305.63,12.3,243.48,-145.6
00:06.4,403.61,308.4,14.2,240.18,-145.54
00:06.4,406.92,311.14,16.07,236.79,-145.49
00:06.4,410.19,313.83,17.91,233.34,-145.45
00:06.5,413.4,316.48,19.73,229.78,-145.31
00:06.6,416.57,319.09,21.53,226.11,-145.21
00:06.6,419.68,321.65,23.3,222.45,-145.24
00:06.7,422.75,324.18,25.04,219.08,-145.19
00:06.7,425.77,326.66,26.76,215.83,-145.09
00:06.8,428.74,329.1,28.46,212.53,-145.03
00:06.8,431.67,331.5,30.13,208.97,-144.79
00:06.8,434.55,333.86,31.78,205.25,-144.47
00:06.9,437.37,336.17,33.41,201.59,-144.17
00:07.0,440.15,338.43,35.02,198.28,-143.97
00:07.0,442.88,340.65,36.61,195.17,-143.74
00:07.0,445.57,342.83,38.19,192.24,-143.21
00:07.1,448.22,344.96,39.76,189.22,-142.44
00:07.1,450.83,347.06,41.31,186.11,-141.59
00:07.2,453.39,349.1,42.86,183.22,-141.07
00:07.3,455.92,351.1,44.41,180.81,-140.93
00:07.3,458.42,353.06,45.95,178.73,-140.8
00:07.3,460.89,354.98,47.5,176.92,-140.31
00:07.4,463.33,356.87,49.05,175.51,-139.51
00:07.5,465.76,358.73,50.62,174.33,-138.56
00:07.5,468.18,360.56,52.19,173.32,-137.64
00:07.5,470.58,362.36,53.78,172.38,-136.74
00:07.6,472.97,364.13,55.39,171.48,-135.81
00:07.6,475.34,365.86,57.01,170.56,-134.85
00:07.7,477.7,367.55,58.66,169.64,-133.73
00:07.8,480.05,369.22,60.32,168.8,-132.64
00:07.8,482.39,370.84,62,168,-131.62
00:07.8,484.71,372.44,63.69,167.2,-130.44
00:07.9,487.03,374,65.4,166.52,-129.14
00:08.0,489.34,375.53,67.14,165.88,-127.97
00:08.0,491.63,377.02,68.89,165.25,-126.72
00:08.1,493.92,378.47,70.66,164.7,-125.33
00:08.1,496.2,379.88,72.45,164.24,-123.92
00:08.1,498.48,381.26,74.27,163.76,-122.49
00:08.2,500.75,382.6,76.1,163.28,-121.09
00:08.3,503.01,383.89,77.96,162.81,-119.77
00:08.3,505.26,385.14,79.84,162.37,-118.52
00:08.3,507.51,386.35,81.74,161.95,-117.28
00:08.4,509.76,387.51,83.66,161.52,-116.13
00:08.4,512,388.63,85.6,161.09,-115.05
00:08.5,514.23,389.7,87.56,160.66,-114.08
00:08.6,516.46,390.72,89.54,160.27,-113.26
00:08.6,518.68,391.69,91.54,159.92,-112.61
00:08.7,520.9,392.61,93.56,159.59,-111.92
00:08.7,523.11,393.49,95.59,159.28,-111.01
00:08.8,525.32,394.33,97.64,159.01,-109.86
00:08.8,527.53,395.12,99.7,158.82,-108.82
00:08.8,529.73,395.87,101.77,158.64,-107.57
00:08.9,531.94,396.57,103.86,158.61,-105.91
00:08.9,534.14,397.23,105.96,158.55,-104.39
00:09.0,536.34,397.84,108.08,158.51,-103.09
00:09.0,538.54,398.41,110.2,158.5,-101.79
00:09.1,540.74,398.93,112.34,158.55,-100.41
00:09.2,542.94,399.4,114.5,158.68,-99.04
00:09.2,545.15,399.82,116.66,158.83,-97.75
00:09.3,547.35,400.19,118.84,159.1,-96.52
00:09.3,549.56,400.51,121.03,159.42,-95.3
00:09.3,551.78,400.79,123.22,159.76,-94
00:09.4,554,401.01,125.43,160.13,-92.82
00:09.5,556.22,401.2,127.65,160.44,-91.75
00:09.5,558.45,401.33,129.88,160.77,-90.52
00:09.6,560.69,401.42,132.11,161.17,-89.17
00:09.6,562.93,401.46,134.35,161.57,-87.84
00:09.7,565.17,401.46,136.6,162,-86.54
00:09.7,567.43,401.4,138.85,162.52,-85.44
00:09.8,569.69,401.3,141.11,163.11,-84.59
00:09.8,571.96,401.16,143.38,163.85,-83.88
00:09.8,574.24,400.97,145.65,164.72,-83.09
00:09.9,576.53,400.75,147.93,165.71,-82.22
00:10.0,578.84,400.48,150.23,166.66,-81.53
00:10.0,581.16,400.18,152.53,167.56,-80.86
00:10.1,583.49,399.85,154.84,168.48,-80.04
00:10.1,585.84,399.49,157.15,169.38,-79.17
00:10.2,588.2,399.09,159.48,170.26,-78.22
00:10.2,590.57,398.65,161.81,171.14,-77.16
00:10.2,592.95,398.18,164.14,171.99,-76.07
00:10.3,595.34,397.66,166.48,172.84,-75.01
00:10.4,597.75,397.11,168.82,173.77,-74.16
00:10.4,600.17,396.51,171.17,174.61,-73.85
00:10.5,602.6,395.88,173.52,175.36,-73.45
00:10.5,605.04,395.23,175.87,176.21,-72.52
00:10.6,607.49,394.54,178.22,177.19,-71.61
00:10.6,609.96,393.81,180.58,178,-71.26
00:10.7,612.44,393.06,182.94,178.77,-70.87
00:10.7,614.93,392.27,185.3,179.66,-70.3
00:10.7,617.43,391.46,187.67,180.56,-69.89
00:10.8,619.94,390.63,190.04,181.42,-69.56
00:10.9,622.47,389.77,192.41,182.26,-69.27
00:10.9,625,388.89,194.79,183.12,-68.91
00:11.0,627.55,387.99,197.18,183.98,-68.53
00:11.0,630.11,387.07,199.57,184.78,-68.19
00:11.1,632.68,386.13,201.96,185.6,-67.74
00:11.1,635.27,385.17,204.36,186.45,-67.3
00:11.2,637.86,384.18,206.76,187.27,-66.98
00:11.2,640.47,383.18,209.16,188.06,-66.68
00:11.3,643.09,382.16,211.57,188.86,-66.38
00:11.3,645.72,381.12,213.99,189.66,-66.11
00:11.4,648.36,380.07,216.41,190.46,-65.87
00:11.4,651.01,378.99,218.83,191.21,-65.64
00:11.5,653.67,377.91,221.26,192.01,-65.4
00:11.5,656.34,376.81,223.7,192.77,-65.23
00:11.6,659.02,375.7,226.14,193.54,-65.09
00:11.6,661.72,374.57,228.58,194.31,-65.01
00:11.6,664.42,373.44,231.04,195.08,-64.95
00:11.7,667.14,372.3,233.5,195.85,-64.91
00:11.7,669.86,371.15,235.97,196.59,-64.98
00:11.8,672.59,369.99,238.45,197.31,-65.12
00:11.8,675.34,368.84,240.94,198.03,-65.3
00:11.9,678.1,367.68,243.44,198.78,-65.47
00:11.9,680.86,366.52,245.95,199.5,-65.63
00:12.0,683.64,365.37,248.48,200.21,-65.78
00:12.0,686.42,364.22,251.01,200.9,-65.94
00:12.1,689.22,363.07,253.56,201.6,-66.12
00:12.2,692.02,361.93,256.12,202.31,-66.24
00:12.2,694.84,360.79,258.7,203.02,-66.36
00:12.3,697.66,359.65,261.28,203.69,-66.52
00:12.3,700.5,358.51,263.87,204.34,-66.67
00:12.4,703.34,357.38,266.48,205.01,-66.81
00:12.4,706.19,356.25,269.1,205.68,-66.93
00:12.4,709.05,355.12,271.73,206.32,-67.05
00:12.5,711.92,353.99,274.37,207.02,-67.15
00:12.6,714.8,352.86,277.02,207.69,-67.18
00:12.6,717.69,351.74,279.68,208.33,-67.19
00:12.7,720.59,350.61,282.35,208.93,-67.22
00:12.7,723.49,349.48,285.02,209.59,-67.26
00:12.8,726.41,348.35,287.71,210.23,-67.31
00:12.8,729.33,347.22,290.41,210.87,-67.37
00:12.9,732.27,346.09,293.11,211.48,-67.42
00:12.9,735.21,344.96,295.83,212.09,-67.51
00:12.9,738.16,343.82,298.55,212.75,-67.6
00:13.0,741.12,342.69,301.28,213.3,-67.69
00:13.1,744.08,341.56,304.03,213.93,-67.83
00:13.1,747.06,340.43,306.78,214.56,-67.93
00:13.1,750.04,339.31,309.54,215.16,-68.01
00:13.2,753.04,338.18,312.31,215.74,-68.09
00:13.2,756.04,337.06,315.09,216.33,-68.17
00:13.3,759.05,335.93,317.88,216.92,-68.24
00:13.3,762.06,334.81,320.68,217.46,-68.34
00:13.4,765.09,333.69,323.49,218.08,-68.43
00:13.4,768.12,332.57,326.31,218.63,-68.51
00:13.5,771.16,331.45,329.14,219.15,-68.62
00:13.6,774.21,330.33,331.97,219.76,-68.74
00:13.6,777.26,329.21,334.82,220.32,-68.84
00:13.6,780.33,328.1,337.67,220.88,-68.92
00:13.7,783.4,326.99,340.53,221.35,-68.99
00:13.8,786.47,325.88,343.4,220.72,-69.04
00:13.8,789.52,324.79,346.25,218.73,-69.08
00:13.9,792.54,323.71,349.07,216.03,-69.12
00:13.9,795.52,322.64,351.85,212.85,-69.16
00:14.0,798.45,321.59,354.59,209.42,-69.15
00:14.0,801.33,320.57,357.28,205.86,-69.05
00:14.1,804.17,319.55,359.93,202.33,-68.93
00:14.1,806.95,318.56,362.53,198.79,-68.8
00:14.2,809.69,317.57,365.08,195.07,-68.69
00:14.2,812.37,316.61,367.58,191.08,-68.63
00:14.3,815,315.66,370.03,187.1,-68.61
00:14.3,817.57,314.73,372.43,183.28,-68.58
00:14.3,820.09,313.81,374.78,179.64,-68.51
00:14.4,822.56,312.91,377.08,176.12,-68.35
00:14.5,824.99,312.02,379.33,172.64,-68.12
00:14.5,827.36,311.15,381.53,169.23,-67.82
00:14.6,829.69,310.28,383.69,165.82,-67.42
00:14.6,831.96,309.42,385.81,162.4,-66.97
00:14.6,834.2,308.57,387.87,159.11,-66.49
00:14.7,836.39,307.73,389.89,156.08,-65.99
00:14.7,838.54,306.89,391.87,153.49,-65.31
00:14.8,840.65,306.04,393.8,150.82,-64.53
00:14.8,842.73,305.19,395.7,148.16,-63.65
00:14.9,844.76,304.34,397.55,145.38,-62.85
00:14.9,846.76,303.47,399.35,142.69,-62.69
00:15.0,848.73,302.59,401.11,140.41,-62.51
00:15.0,850.66,301.72,402.83,138.29,-61.94
00:15.1,852.57,300.84,404.52,136.17,-60.98
00:15.1,854.44,299.95,406.18,134.01,-59.74
00:15.2,856.29,299.06,407.79,131.71,-58.62
00:15.2,858.1,298.16,409.36,129.51,-57.58
00:15.3,859.88,297.24,410.89,127.42,-56.6
00:15.3,861.64,296.3,412.38,125.65,-55.69
00:15.4,863.37,295.35,413.83,124.06,-54.77
00:15.4,865.09,294.39,415.24,122.42,-53.74
00:15.5,866.77,293.41,416.62,120.71,-52.43
00:15.6,868.44,292.42,417.96,119.03,-50.95
00:15.6,870.08,291.41,419.26,117.47,-49.56
00:15.7,871.7,290.39,420.52,115.96,-48.22
00:15.7,873.3,289.36,421.74,114.56,-46.84
00:15.8,874.88,288.3,422.92,113.2,-45.51
00:15.8,876.44,287.24,424.06,111.71,-44.19
00:15.9,877.98,286.16,425.16,110.14,-42.72
00:15.9,879.5,285.06,426.21,108.61,-41.15
00:16.0,881,283.96,427.22,107.12,-39.66
00:16.0,882.47,282.84,428.18,105.64,-38.27
00:16.1,883.93,281.7,429.1,104.12,-36.84
00:16.1,885.37,280.56,429.97,102.61,-35.23
00:16.1,886.78,279.41,430.79,101.14,-33.54
00:16.2,888.18,278.25,431.57,99.67,-31.82
00:16.3,889.55,277.08,432.29,98.25,-30.07
00:16.3,890.91,275.91,432.97,96.82,-28.37
00:16.3,892.24,274.74,433.61,95.34,-26.53
00:16.4,893.56,273.56,434.19,93.89,-24.28
00:16.5,894.85,272.38,434.73,92.51,-21.94
00:16.5,896.13,271.21,435.22,91.15,-20.01
00:16.6,897.39,270.03,435.66,89.73,-18.27
00:16.6,898.62,268.86,436.05,88.39,-16.38
00:16.6,899.84,267.69,436.4,87.14,-14.35
00:16.7,901.05,266.53,436.71,85.97,-12.25
00:16.7,902.23,265.37,436.97,84.82,-10.32
00:16.8,903.4,264.22,437.18,83.67,-8.63
00:16.9,904.56,263.08,437.36,82.52,-6.82
00:16.9,905.7,261.95,437.48,81.43,-4.76
00:16.9,906.82,260.83,437.57,80.39,-2.69
00:17.0,907.93,259.72,437.61,79.33,-0.7
00:17.0,909.03,258.63,437.62,78.27,1.36
00:17.1,910.11,257.55,437.58,77.23,3.48
00:17.1,911.18,256.49,437.5,76.29,5.5
00:17.2,912.23,255.44,437.38,75.44,7.47
00:17.3,913.28,254.41,437.23,74.81,9.65
00:17.3,914.32,253.39,437.04,74.57,12.09
00:17.4,915.36,252.38,436.81,74.52,14.43
00:17.4,916.39,251.38,436.54,74.54,16.49
00:17.5,917.43,250.39,436.23,74.7,18.49
00:17.5,918.47,249.41,435.88,74.99,20.58
00:17.6,919.52,248.44,435.5,75.43,22.68
00:17.6,920.57,247.48,435.07,75.98,24.73
00:17.6,921.64,246.53,434.61,76.63,26.88
00:17.7,922.71,245.58,434.1,77.43,29.17
00:17.7,923.79,244.65,433.56,78.33,31.45
00:17.8,924.89,243.72,432.98,79.26,33.55
00:17.8,926,242.81,432.36,80.24,35.6
00:17.9,927.12,241.9,431.7,81.28,37.68
00:17.9,928.26,241,431,82.35,39.75
00:18.0,929.41,240.12,430.26,83.45,41.8
00:18.0,930.58,239.25,429.49,84.58,43.83
00:18.1,931.76,238.39,428.67,85.73,45.72
00:18.1,932.96,237.55,427.82,86.88,47.48
00:18.2,934.18,236.72,426.93,88.07,49.25
00:18.3,935.41,235.91,426,89.31,51.01
00:18.3,936.66,235.12,425.04,90.59,52.73
00:18.4,937.92,234.34,424.04,91.9,54.44
00:18.4,939.21,233.59,423,93.24,56.07
00:18.4,940.51,232.84,421.93,94.59,57.5
00:18.5,941.84,232.12,420.82,95.93,58.79
00:18.6,943.18,231.42,419.68,97.31,60
00:18.6,944.54,230.73,418.5,98.7,61.07
00:18.6,945.92,230.06,417.3,100.09,62.13
00:18.7,947.32,229.4,416.06,101.54,63.32
00:18.7,948.74,228.76,414.79,103.01,64.61
00:18.8,950.18,228.13,413.49,104.47,65.93
00:18.8,951.64,227.53,412.17,105.9,67.28
00:18.9,953.12,226.94,410.81,107.29,68.69
00:19.0,954.62,226.37,409.42,108.68,70.03
00:19.0,956.14,225.82,408.01,110.05,71.1
00:19.1,957.67,225.29,406.56,111.27,71.97
00:19.1,959.23,224.77,405.1,112.44,72.83
00:19.1,960.8,224.27,403.61,113.67,73.69
00:19.2,962.38,223.78,402.1,114.99,74.45
00:19.3,963.99,223.31,400.56,116.5,75.08
00:19.3,965.62,222.86,399,118.06,75.44
00:19.4,967.27,222.42,397.41,119.68,75.56
00:19.4,968.94,221.98,395.79,121.28,75.54
00:19.5,970.64,221.55,394.15,122.8,75.54
00:19.5,972.35,221.12,392.49,124.28,75.79
00:19.6,974.09,220.69,390.81,125.79,76.21
00:19.6,975.85,220.27,389.1,127.31,76.72
00:19.6,977.63,219.86,387.37,128.75,77.25
00:19.7,979.42,219.46,385.62,130.19,77.78
00:19.7,981.24,219.07,383.84,131.59,78.24
00:19.8,983.08,218.69,382.05,132.9,78.7
00:19.8,984.93,218.31,380.23,134.24,79.26
00:19.9,986.81,217.95,378.39,135.66,79.75
00:20.0,988.7,217.59,376.53,137.09,80.02
00:20.0,990.61,217.25,374.65,138.45,80.18
00:20.1,992.55,216.91,372.75,139.75,80.36
00:20.1,994.5,216.58,370.83,141.06,80.61
00:20.1,996.46,216.26,368.88,142.31,80.89
00:20.2,998.45,215.94,366.92,143.64,81.2
00:20.3,1000.45,215.62,364.95,144.91,81.45
00:20.3,1002.47,215.32,362.95,146.06,81.73
00:20.4,1004.51,215.02,360.93,147.32,82.17
00:20.4,1006.57,214.73,358.9,148.63,82.57
00:20.5,1008.64,214.46,356.84,149.8,82.91
00:20.5,1010.73,214.19,354.77,150.92,83.4
00:20.5,1012.83,213.94,352.68,152.12,84.05
00:20.6,1014.95,213.71,350.58,153.29,84.73
00:20.6,1017.09,213.49,348.45,154.44,85.29
00:20.7,1019.24,213.3,346.31,155.55,85.92
00:20.8,1021.41,213.13,344.14,156.71,86.58
00:20.8,1023.59,212.97,341.96,157.83,87.16
00:20.8,1025.79,212.84,339.77,158.87,87.75
00:20.9,1028.01,212.74,337.56,160.01,88.42
00:21.0,1030.23,212.65,335.33,161,89.02
00:21.0,1032.47,212.59,333.09,161.69,89.52
00:21.1,1034.72,212.55,330.84,162.26,90.26
00:21.1,1036.98,212.55,328.58,162.82,91.19
00:21.1,1039.24,212.57,326.32,163.29,92.06
00:21.2,1041.51,212.62,324.05,163.69,92.8
00:21.2,1043.79,212.7,321.77,164.07,93.55
00:21.3,1046.07,212.81,319.5,164.48,94.46
00:21.4,1048.36,212.96,317.21,164.9,95.25
00:21.4,1050.65,213.13,314.93,165.29,95.83
00:21.5,1052.95,213.34,312.64,165.62,96.56
00:21.5,1055.25,213.57,310.35,165.95,97.75
00:21.5,1057.55,213.84,308.06,166.27,99.05
00:21.6,1059.86,214.15,305.77,166.48,100.24
00:21.7,1062.17,214.5,303.48,166.66,101.65
00:21.7,1064.49,214.88,301.2,166.84,103.14
00:21.8,1066.81,215.32,298.93,167,104.49
00:21.8,1069.12,215.8,296.66,167.15,105.84
00:21.9,1071.44,216.33,294.4,167.32,107.12
00:21.9,1073.77,216.91,292.15,167.51,108.26
00:22.0,1076.09,217.53,289.91,167.65,109.54
00:22.0,1078.43,218.21,287.68,167.9,110.85
00:22.1,1080.76,218.94,285.46,168.1,111.62
00:22.1,1083.09,219.72,283.26,168.32,112.17
00:22.1,1085.43,220.55,281.07,168.61,113
00:22.2,1087.78,221.43,278.9,168.9,113.83
00:22.3,1090.13,222.34,276.74,169.16,114.92
00:22.3,1092.48,223.3,274.59,169.5,116.17
00:22.4,1094.83,224.31,272.46,169.9,117.61
00:22.4,1097.2,225.36,270.34,170.4,119
00:22.5,1099.57,226.46,268.24,170.84,120.03
00:22.5,1101.94,227.59,266.16,171.31,121.07
00:22.6,1104.32,228.76,264.08,171.83,122.08
00:22.6,1106.71,229.97,262.02,172.3,123.13
00:22.7,1109.1,231.21,259.97,172.82,124.5
00:22.7,1111.51,232.49,257.93,173.43,125.86
00:22.8,1113.92,233.81,255.91,173.97,127.03
00:22.8,1116.34,235.17,253.91,174.53,128.12
00:22.9,1118.76,236.56,251.92,175.08,129.08
00:22.9,1121.2,238,249.96,175.67,129.95
00:23.0,1123.64,239.47,248.01,176.31,130.7
00:23.0,1126.09,240.99,246.08,177.02,131.44
00:23.1,1128.55,242.54,244.17,177.9,132.11
00:23.1,1131.03,244.14,242.27,178.75,132.65
00:23.1,1133.52,245.76,240.39,179.62,133.11
00:23.2,1136.02,247.43,238.52,180.51,133.58
00:23.2,1138.53,249.12,236.67,181.41,134
00:23.3,1141.06,250.85,234.83,182.27,134.39
00:23.3,1143.59,252.6,232.99,183.16,134.91
00:23.4,1146.14,254.38,231.17,184.01,135.49
00:23.5,1148.71,256.19,229.35,184.93,136.08
00:23.5,1151.28,258.02,227.54,185.83,136.3
00:23.6,1153.87,259.87,225.73,186.26,136.22
00:23.6,1156.45,261.72,223.94,185.39,136.01
00:23.6,1159.01,263.56,222.15,183.72,135.78
00:23.7,1161.55,265.38,220.38,181.42,135.56
00:23.8,1164.05,267.16,218.63,178.7,135.27
00:23.8,1166.51,268.92,216.9,175.75,134.85
00:23.8,1168.93,270.63,215.19,172.61,134.32
00:23.9,1171.3,272.3,213.51,169.37,133.84
00:23.9,1173.63,273.93,211.85,166.07,133.4
00:24.0,1175.92,275.52,210.21,162.84,133.14
00:24.0,1178.16,277.07,208.59,159.69,132.91
00:24.1,1180.35,278.58,206.99,156.58,132.55
00:24.1,1182.51,280.05,205.41,153.68,132.01
00:24.2,1184.62,281.48,203.86,150.81,131.35
00:24.2,1186.7,282.87,202.32,148.17,130.52
00:24.3,1188.74,284.22,200.79,145.54,129.62
00:24.4,1190.74,285.53,199.27,143.23,128.68
00:24.4,1192.71,286.8,197.76,141.1,127.6
00:24.4,1194.66,288.02,196.25,139.05,126.58
00:24.5,1196.58,289.21,194.74,137.26,125.61
00:24.6,1198.47,290.35,193.22,135.67,124.85
00:24.6,1200.35,291.45,191.71,134.22,124.13
00:24.6,1202.2,292.51,190.19,132.87,123.34
00:24.7,1204.04,293.54,188.66,131.66,122.44
00:24.8,1205.86,294.53,187.14,130.5,121.33
00:24.8,1207.66,295.48,185.61,129.38,120.03
00:24.8,1209.45,296.4,184.07,128.3,118.66
00:24.9,1211.22,297.27,182.52,127.28,117.3
00:24.9,1212.98,298.11,180.97,126.37,115.97
00:25.0,1214.73,298.9,179.42,125.59,114.49
00:25.1,1216.47,299.66,177.85,124.98,112.93
00:25.1,1218.2,300.38,176.28,124.41,111.44
00:25.1,1219.92,301.06,174.69,123.83,109.74
00:25.2,1221.64,301.7,173.1,123.25,107.98
00:25.3,1223.34,302.29,171.5,122.6,106.4
00:25.3,1225.04,302.85,169.9,121.84,104.81
00:25.4,1226.72,303.35,168.29,121.03,103.3
00:25.4,1228.39,303.82,166.68,120.1,101.96
00:25.5,1230.05,304.24,165.08,119.05,100.41
00:25.5,1231.7,304.62,163.48,117.96,98.64
00:25.6,1233.32,304.96,161.88,116.81,96.96
00:25.6,1234.94,305.24,160.29,115.6,95.45
00:25.6,1236.53,305.47,158.71,114.4,93.99
00:25.7,1238.11,305.64,157.14,113.21,92.62
00:25.8,1239.68,305.77,155.59,112.1,91.32
00:25.8,1241.23,305.85,154.04,111.02,90.29
00:25.9,1242.76,305.89,152.51,109.98,89.31
00:25.9,1244.28,305.88,150.99,108.98,87.97
00:25.9,1245.79,305.83,149.48,108.04,86.1
00:26.0,1247.29,305.73,147.99,107.14,83.93
00:26.1,1248.77,305.59,146.51,106.31,81.78
00:26.1,1250.24,305.39,145.06,105.56,79.8
00:26.1,1251.7,305.15,143.62,104.88,78.03
00:26.2,1253.15,304.86,142.19,104.25,76.1
00:26.3,1254.6,304.53,140.79,103.82,73.91
00:26.3,1256.04,304.15,139.39,103.62,71.89
00:26.3,1257.48,303.73,138.02,103.55,70.26
00:26.4,1258.92,303.27,136.66,103.68,68.66
00:26.5,1260.36,302.76,135.31,104,67.03
00:26.5,1261.81,302.21,133.97,104.5,65.49
00:26.5,1263.27,301.61,132.64,105.1,63.99
00:26.6,1264.73,300.97,131.32,105.84,62.45
00:26.6,1266.21,300.3,130.01,106.74,60.98
00:26.7,1267.7,299.58,128.71,107.71,59.67
00:26.8,1269.2,298.83,127.41,108.74,58.27
00:26.8,1270.72,298.04,126.11,109.83,56.78
00:26.8,1272.25,297.21,124.82,110.96,55.41
00:26.9,1273.8,296.34,123.54,112.07,54.07
00:26.9,1275.36,295.44,122.26,113.2,52.72
00:27.0,1276.94,294.49,120.99,114.35,51.48
00:27.1,1278.54,293.51,119.74,115.47,50.36
00:27.1,1280.15,292.5,118.48,116.58,49.25
00:27.1,1281.78,291.45,117.24,117.73,48.1
00:27.2,1283.42,290.36,116.01,118.92,46.98
00:27.2,1285.08,289.25,114.78,120.08,45.84
00:27.3,1286.75,288.1,113.56,121.25,44.46
00:27.4,1288.44,286.92,112.35,122.53,43
00:27.4,1290.15,285.7,111.14,123.9,41.8
00:27.4,1291.88,284.45,109.95,125.29,40.92
00:27.5,1293.63,283.16,108.77,126.72,40.35
00:27.6,1295.4,281.84,107.59,128.2,39.98
00:27.6,1297.19,280.49,106.41,129.68,39.81
00:27.6,1299,279.11,105.24,131.05,39.54
00:27.7,1300.83,277.7,104.07,132.47,39.05
00:27.8,1302.68,276.27,102.9,133.84,38.52
00:27.8,1304.55,274.82,101.73,135.18,37.92
00:27.8,1306.44,273.34,100.56,136.56,37.4
00:27.9,1308.34,271.83,99.39,137.89,37.04
00:28.0,1310.27,270.3,98.22,139.22,36.67
00:28.0,1312.21,268.75,97.05,140.56,36.28
00:28.0,1314.17,267.18,95.88,141.85,35.92
00:28.1,1316.15,265.58,94.71,143.16,35.67
00:28.1,1318.15,263.96,93.54,144.42,35.47
00:28.2,1320.16,262.32,92.37,145.65,35.29
00:28.2,1322.19,260.67,91.19,146.84,35.04
00:28.3,1324.24,258.99,90.01,148.13,34.71
00:28.4,1326.31,257.3,88.83,149.4,34.4
00:28.4,1328.4,255.58,87.66,150.61,34.04
00:28.5,1330.49,253.84,86.48,151.73,33.46
00:28.5,1332.61,252.07,85.32,152.89,32.61
00:28.6,1334.74,250.28,84.16,153.99,31.73
00:28.6,1336.88,248.46,83.02,154.47,30.88
00:28.6,1339.03,246.63,81.91,154.15,29.89
00:28.7,1341.16,244.79,80.83,153.31,28.78
00:28.7,1343.28,242.95,79.78,152.31,27.9
00:28.8,1345.39,241.1,78.76,151.23,27.41
00:28.9,1347.48,239.26,77.77,150.03,26.98
00:28.9,1349.56,237.42,76.82,148.72,26.3
00:29.0,1351.61,235.58,75.9,147.41,25.13
00:29.0,1353.65,233.74,75.02,146.21,23.79
00:29.1,1355.67,231.9,74.17,145.03,22.52
00:29.1,1357.68,230.06,73.37,143.86,21.22
00:29.1,1359.67,228.22,72.6,142.79,19.98
00:29.2,1361.64,226.39,71.88,141.73,18.9
00:29.3,1363.6,224.55,71.19,140.61,17.88
00:29.3,1365.54,222.71,70.55,139.45,16.72
00:29.3,1367.47,220.88,69.95,138.35,15.4
00:29.4,1369.39,219.05,69.38,137.34,14.12
00:29.5,1371.28,217.22,68.86,136.27,12.87
00:29.5,1373.17,215.4,68.39,135.17,11.28
00:29.5,1375.04,213.58,67.96,134.15,9.69
00:29.6,1376.89,211.76,67.59,133.1,8.5
00:29.6,1378.73,209.95,67.26,131.95,7.34
00:29.7,1380.56,208.15,66.99,130.85,5.93
00:29.7,1382.37,206.35,66.75,129.76,4.63
00:29.8,1384.16,204.57,66.57,128.45,3.42
00:29.9,1385.93,202.8,66.42,127.09,1.94
00:29.9,1387.69,201.05,66.32,125.69,0.41
00:30.0,1389.42,199.31,66.27,124.22,-1.01
00:30.0,1391.14,197.6,66.25,122.71,-2.35
00:30.1,1392.83,195.9,66.29,121.22,-3.74
00:30.1,1394.5,194.23,66.36,119.82,-5.22
00:30.1,1396.16,192.58,66.47,118.52,-6.63
00:30.2,1397.79,190.95,66.63,117.19,-8.09
00:30.3,1399.41,189.34,66.82,115.95,-9.72
00:30.3,1401.02,187.76,67.06,114.77,-11.29
00:30.4,1402.6,186.2,67.35,113.67,-12.82
00:30.4,1404.17,184.66,67.67,112.65,-14.4
00:30.5,1405.73,183.15,68.03,111.72,-15.98
00:30.5,1407.27,181.65,68.43,110.89,-17.6
00:30.6,1408.81,180.18,68.87,110.11,-19.18
00:30.6,1410.33,178.73,69.34,109.41,-20.83
00:30.6,1411.85,177.31,69.85,108.72,-22.6
00:30.7,1413.35,175.91,70.4,108.04,-24.34
00:30.7,1414.85,174.53,70.98,107.58,-25.98
00:30.8,1416.34,173.17,71.61,107.32,-27.57
00:30.9,1417.83,171.84,72.28,107.23,-29.03
00:30.9,1419.32,170.53,72.98,107.2,-30.37
00:30.9,1420.81,169.24,73.72,107.26,-31.71
00:31.0,1422.3,167.97,74.5,107.41,-33.1
00:31.0,1423.79,166.71,75.31,107.63,-34.62
00:31.1,1425.29,165.48,76.15,107.94,-36.25
00:31.2,1426.79,164.26,77.03,108.31,-37.87
00:31.2,1428.3,163.06,77.95,108.73,-39.49
00:31.2,1429.81,161.89,78.9,109.19,-41.17
00:31.3,1431.33,160.73,79.88,109.67,-43.01
00:31.4,1432.86,159.6,80.91,110.21,-44.94
00:31.4,1434.39,158.49,81.97,110.76,-46.73
00:31.4,1435.93,157.41,83.07,111.31,-48.47
00:31.5,1437.48,156.36,84.21,111.98,-50.34
00:31.6,1439.04,155.33,85.38,112.7,-52.03
00:31.6,1440.61,154.33,86.59,113.44,-53.48
00:31.6,1442.19,153.36,87.83,114.21,-54.88
00:31.7,1443.78,152.41,89.11,115.06,-56.34
00:31.8,1445.38,151.48,90.43,116.06,-57.82
00:31.8,1447,150.59,91.77,117.04,-59.23
00:31.9,1448.63,149.71,93.15,117.81,-60.75
00:31.9,1450.27,148.87,94.56,118.58,-62.56
00:32.0,1451.92,148.06,95.99,119.49,-64.38
00:32.0,1453.59,147.27,97.47,120.57,-65.77
00:32.1,1455.27,146.53,98.97,121.7,-66.81
00:32.1,1456.97,145.81,100.51,122.86,-67.77
00:32.1,1458.68,145.11,102.08,124.09,-68.77
00:32.2,1460.41,144.44,103.68,125.39,-69.81
00:32.2,1462.16,143.8,105.3,126.65,-70.99
00:32.3,1463.93,143.18,106.96,128,-72.26
00:32.4,1465.72,142.59,108.64,129.36,-73.32
00:32.4,1467.52,142.02,110.36,130.63,-74.21
00:32.5,1469.34,141.48,112.1,131.9,-75.07
00:32.5,1471.18,140.96,113.86,133.2,-75.88
00:32.5,1473.04,140.47,115.66,134.49,-76.67
00:32.6,1474.92,140,117.47,135.81,-77.41
00:32.6,1476.81,139.55,119.31,137.11,-78.07
00:32.7,1478.73,139.13,121.18,138.41,-78.62
00:32.7,1480.66,138.73,123.07,139.66,-79.11
00:32.8,1482.61,138.35,124.98,140.89,-79.67
00:32.8,1484.57,137.99,126.91,142.12,-80.3
00:32.9,1486.55,137.64,128.86,143.31,-80.97
00:33.0,1488.55,137.31,130.83,144.47,-81.74
00:33.0,1490.56,137,132.82,145.68,-82.49
00:33.0,1492.59,136.71,134.83,146.7,-83.24
00:33.1,1494.64,136.44,136.86,147.8,-84.29
00:33.2,1496.7,136.19,138.9,149.07,-85.26
00:33.2,1498.78,135.97,140.97,150.22,-85.9
00:33.2,1500.87,135.77,143.06,151.33,-86.37
00:33.3,1502.98,135.6,145.16,152.47,-86.84
00:33.3,1505.11,135.46,147.28,153.69,-87.18
00:33.4,1507.25,135.33,149.42,154.78,-87.46
00:33.5,1509.41,135.23,151.57,155.86,-87.94
00:33.5,1511.58,135.14,153.74,156.95,-88.58
00:33.5,1513.77,135.07,155.93,158.02,-89.26
00:33.6,1515.97,135.03,158.13,159.08,-89.96
00:33.6,1518.18,135,160.35,160.12,-90.67
00:33.7,1520.42,135.01,162.58,161.17,-91.36
00:33.8,1522.66,135.04,164.82,162.2,-91.95
00:33.8,1524.92,135.1,167.08,163.19,-92.5
00:33.9,1527.19,135.18,169.35,164.16,-93.11
00:33.9,1529.48,135.28,171.64,165.19,-93.8
00:34.0,1531.78,135.41,173.93,166.16,-94.41
00:34.0,1534.1,135.56,176.24,167.12,-95.01
00:34.0,1536.42,135.74,178.56,168.09,-95.62
00:34.1,1538.76,135.94,180.9,169.03,-96.22
00:34.1,1541.12,136.16,183.24,169.96,-96.84
00:34.2,1543.48,136.42,185.59,170.94,-97.51
00:34.2,1545.87,136.7,187.96,171.88,-97.95
00:34.3,1548.26,137.01,190.33,172.8,-98.38
00:34.3,1550.66,137.34,192.71,173.72,-98.83
00:34.4,1553.08,137.69,195.1,174.62,-99.25
00:34.5,1555.51,138.07,197.51,175.5,-99.73
00:34.5,1557.96,138.46,199.92,176.42,-100.21
00:34.6,1560.41,138.88,202.34,177.32,-100.54
00:34.6,1562.88,139.31,204.77,178.2,-100.76
00:34.6,1565.37,139.76,207.21,179.11,-100.93
00:34.7,1567.86,140.22,209.66,179.99,-101.01
00:34.8,1570.37,140.68,212.12,180.87,-101.01
00:34.8,1572.88,141.16,214.59,181.71,-100.94
00:34.8,1575.41,141.63,217.08,182.57,-100.76
00:34.9,1577.95,142.11,219.57,183.44,-100.47
00:35.0,1580.51,142.57,222.08,184.2,-100
00:35.0,1583.07,143.02,224.61,185.07,-99.33
00:35.0,1585.65,143.46,227.15,185.89,-98.73
00:35.1,1588.23,143.87,229.7,186.67,-98.12
00:35.2,1590.83,144.26,232.27,187.45,-97.47
00:35.2,1593.44,144.63,234.85,188.24,-96.82
00:35.3,1596.06,144.97,237.45,189.01,-96.21
00:35.3,1598.69,145.28,240.06,189.77,-95.63
00:35.3,1601.33,145.57,242.68,190.5,-95.02
00:35.4,1603.98,145.82,245.32,191.21,-94.29
00:35.5,1606.64,146.05,247.97,191.93,-93.52
00:35.5,1609.32,146.25,250.63,192.64,-92.79
00:35.5,1612,146.42,253.3,193.34,-92.14
00:35.6,1614.68,146.56,255.98,193.29,-91.61
00:35.7,1617.36,146.67,258.66,191.84,-91.18
00:35.7,1620,146.76,261.3,189.63,-91.03
00:35.7,1622.62,146.84,263.92,186.96,-91.08
00:35.8,1625.19,146.9,266.49,184.07,-91.12
00:35.9,1627.73,146.96,269.02,181.08,-91.02
00:35.9,1630.22,147.02,271.52,177.75,-90.78
00:36.0,1632.67,147.06,273.96,174.25,-90.45
00:36.0,1635.06,147.1,276.35,170.78,-90.04
00:36.1,1637.41,147.13,278.7,167.31,-89.57
00:36.1,1639.71,147.14,281,163.94,-89.19
00:36.1,1641.97,147.15,283.25,160.72,-88.85
00:36.2,1644.18,147.15,285.46,157.67,-88.46
00:36.2,1646.35,147.14,287.63,154.64,-88.03
00:36.3,1648.47,147.12,289.75,151.69,-87.64
00:36.3,1650.56,147.09,291.84,148.83,-87.14
00:36.4,1652.6,147.04,293.89,145.92,-86.9
00:36.5,1654.61,146.98,295.89,143.37,-86.6
00:36.5,1656.59,146.91,297.86,140.97,-85.73
00:36.6,1658.53,146.83,299.8,138.51,-84.72
00:36.6,1660.43,146.74,301.71,136.08,-83.83
00:36.6,1662.31,146.62,303.58,133.57,-82.99
00:36.7,1664.14,146.47,305.41,131.06,-82.75
00:36.7,1665.95,146.3,307.2,128.85,-82.8
00:36.8,1667.72,146.11,308.96,126.65,-82.62
00:36.8,1669.47,145.9,310.7,124.58,-82.41
00:36.9,1671.18,145.69,312.4,122.64,-81.87
00:37.0,1672.87,145.46,314.07,120.67,-80.22
00:37.0,1674.54,145.2,315.72,118.8,-78.1
00:37.0,1676.17,144.91,317.32,116.64,-76.88
00:37.1,1677.78,144.58,318.89,114.69,-76.23
00:37.2,1679.36,144.22,320.43,113.14,-75.14
00:37.2,1680.92,143.83,321.95,111.69,-73.99
00:37.3,1682.46,143.43,323.43,110.11,-72.87
00:37.3,1683.97,143.01,324.89,108.44,-71.3
00:37.4,1685.47,142.57,326.32,106.56,-69.54
00:37.4,1686.93,142.1,327.71,104.71,-67.78
00:37.5,1688.37,141.61,329.06,103.01,-65.93
00:37.5,1689.79,141.09,330.38,101.49,-64.19
00:37.5,1691.19,140.54,331.67,100.06,-62.6
00:37.6,1692.56,139.96,332.92,98.59,-61.09
00:37.6,1693.92,139.37,334.14,97.09,-59.56
00:37.7,1695.25,138.75,335.33,95.55,-57.98
00:37.7,1696.57,138.11,336.48,93.97,-56.33
00:37.8,1697.86,137.45,337.59,92.37,-54.59
00:37.9,1699.13,136.77,338.66,90.78,-52.78
00:37.9,1700.38,136.07,339.7,89.21,-50.94
00:38.0,1701.6,135.35,340.7,87.66,-49.08
00:38.0,1702.8,134.62,341.66,86.13,-47.15
00:38.1,1703.99,133.88,342.58,84.66,-45.14
00:38.1,1705.15,133.12,343.46,83.23,-43.16
00:38.2,1706.29,132.34,344.31,81.79,-41.19
00:38.2,1707.41,131.56,345.11,80.4,-39.12
00:38.2,1708.52,130.76,345.88,79.05,-36.96
00:38.3,1709.6,129.95,346.61,77.75,-34.78
00:38.4,1710.67,129.13,347.3,76.48,-32.62
00:38.4,1711.71,128.3,347.95,75.34,-30.52
00:38.5,1712.75,127.46,348.56,74.45,-28.5
00:38.5,1713.77,126.6,349.13,73.93,-26.61
00:38.6,1714.8,125.73,349.67,73.66,-24.94
00:38.6,1715.81,124.84,350.17,73.53,-23.47
00:38.6,1716.83,123.93,350.63,73.51,-22.15
00:38.7,1717.85,123.01,351.07,73.62,-20.97
00:38.8,1718.88,122.06,351.46,73.89,-19.93
00:38.8,1719.91,121.1,351.83,74.28,-18.93
00:38.8,1720.94,120.12,352.16,74.74,-17.74
00:38.9,1721.98,119.13,352.46,75.23,-16.27
00:39.0,1723.03,118.12,352.74,75.71,-14.58
00:39.0,1724.09,117.09,352.98,76.18,-12.77
00:39.0,1725.15,116.05,353.19,76.63,-10.83
00:39.1,1726.22,115,353.37,77.08,-8.76
00:39.2,1727.3,113.93,353.51,77.53,-6.6
00:39.2,1728.38,112.86,353.62,77.98,-4.38
00:39.3,1729.47,111.78,353.7,78.45,-2.12
00:39.3,1730.56,110.68,353.73,78.93,0.14
00:39.3,1731.66,109.59,353.73,79.43,2.34
00:39.4,1732.77,108.48,353.69,79.96,4.48
00:39.5,1733.88,107.37,353.61,80.5,6.59
00:39.5,1735,106.25,353.49,81.06,8.65
00:39.5,1736.13,105.14,353.33,81.62,10.65
00:39.6,1737.27,104.02,353.12,82.18,12.61
00:39.6,1738.42,102.9,352.88,82.75,14.53
00:39.7,1739.57,101.78,352.6,83.31,16.42
00:39.7,1740.73,100.66,352.28,83.9,18.27
00:39.8,1741.9,99.55,351.92,84.53,20.13
00:39.9,1743.08,98.44,351.53,85.27,22.01
00:39.9,1744.27,97.33,351.09,86.1,23.91
00:40.0,1745.47,96.23,350.61,87,25.7
00:40.0,1746.68,95.13,350.1,88.03,27.19
00:40.0,1747.91,94.03,349.55,89.28,28.39
00:40.1,1749.17,92.92,348.97,90.72,29.43
00:40.2,1750.44,91.81,348.35,92.34,30.36
00:40.2,1751.73,90.69,347.7,94.13,31.15
00:40.2,1753.05,89.56,347.02,96.09,31.81
00:40.3,1754.4,88.41,346.32,97.98,32.39
00:40.3,1755.77,87.25,345.59,99.66,32.9
00:40.4,1757.17,86.07,344.84,101.4,33.49
00:40.5,1758.59,84.88,344.06,103.12,33.97
00:40.5,1760.03,83.68,343.26,104.9,34.39
00:40.6,1761.5,82.46,342.44,106.73,34.61
00:40.6,1763,81.22,341.6,108.56,34.8
00:40.6,1764.52,79.97,340.74,110.36,34.83
00:40.7,1766.07,78.7,339.85,112.06,34.85
00:40.8,1767.63,77.42,338.96,113.64,34.88
00:40.8,1769.22,76.11,338.05,115.18,34.91
00:40.9,1770.83,74.8,337.13,116.81,34.94
00:40.9,1772.47,73.46,336.19,118.47,34.96
00:41.0,1774.13,72.1,335.24,120.03,34.95
00:41.0,1775.8,70.73,334.28,121.55,34.95
00:41.0,1777.5,69.34,333.3,123.02,34.94
00:41.1,1779.22,67.93,332.32,124.43,34.94
00:41.1,1780.96,66.51,331.32,125.86,34.93
00:41.2,1782.72,65.07,330.31,127.33,34.93
00:41.3,1784.49,63.61,329.29,128.8,34.94
00:41.3,1786.29,62.14,328.26,130.21,34.93
00:41.3,1788.11,60.65,327.22,131.62,34.93
00:41.4,1789.95,59.14,326.17,132.96,34.92
00:41.5,1791.8,57.62,325.1,134.28,34.9
00:41.5,1793.68,56.09,324.03,135.68,34.88
00:41.6,1795.57,54.53,322.95,137.01,34.86
00:41.6,1797.49,52.97,321.85,138.32,34.83
00:41.7,1799.41,51.38,320.75,139.57,34.81
00:41.7,1801.36,49.79,319.64,140.81,34.78
00:41.7,1803.32,48.17,318.51,142.07,34.75
00:41.8,1805.31,46.55,317.38,143.34,34.72
00:41.8,1807.31,44.9,316.24,144.59,34.69
00:41.9,1809.32,43.25,315.09,145.81,34.66
00:42.0,1811.36,41.58,313.94,147,34.63
00:42.0,1813.41,39.89,312.77,148.21,34.59
00:42.1,1815.47,38.19,311.6,149.42,34.57
00:42.1,1817.56,36.48,310.41,150.57,34.54
00:42.1,1819.66,34.75,309.22,151.73,34.51
00:42.2,1821.77,33.01,308.02,152.9,34.48
00:42.2,1823.9,31.25,306.81,154.01,34.45
00:42.3,1826.05,29.48,305.6,155.1,34.42
00:42.4,1828.21,27.7,304.38,156.21,34.37
00:42.4,1830.39,25.9,303.15,157.29,34.33
00:42.5,1832.58,24.1,301.91,158.34,34.26
00:42.5,1834.79,22.27,300.66,159.42,34.2
00:42.5,1837.01,20.44,299.41,160.43,34.12
00:42.6,1839.24,18.59,298.16,161.5,34.05
00:42.7,1841.49,16.73,296.9,162.53,33.98
00:42.7,1843.76,14.85,295.63,163.53,33.94
00:42.8,1846.04,12.97,294.35,164.57,33.94
00:42.8,1848.33,11.07,293.07,165.61,34
00:42.9,1850.64,9.15,291.78,166.62,34.15
00:42.9,1852.96,7.23,290.47,167.62,34.32
00:43.0,1855.29,5.3,289.16,168.61,34.54
00:43.0,1857.64,3.37,287.83,169.59,34.74
00:43.1,1860,1.42,286.49,170.55,34.93
00:43.1,1862.38,-0.52,285.13,171.5,35.09
00:43.1,1864.77,-2.48,283.76,172.42,35.25
00:43.2,1867.17,-4.44,282.38,173.34,35.42
00:43.2,1869.58,-6.41,280.99,174.27,35.61
00:43.3,1872.01,-8.39,279.58,175.19,35.79
00:43.4,1874.45,-10.37,278.16,176.14,35.95
00:43.4,1876.9,-12.36,276.72,177.08,36.11
00:43.5,1879.37,-14.36,275.28,178,36.21
00:43.5,1881.84,-16.36,273.82,178.88,36.24
00:43.6,1884.33,-18.37,272.35,179.74,36.22
00:43.6,1886.84,-20.39,270.87,180.58,36.17
00:43.6,1889.35,-22.42,269.39,181.48,36.14
00:43.7,1891.88,-24.46,267.9,182.34,36.12
00:43.7,1894.42,-26.51,266.4,183.16,36.1
00:43.8,1896.97,-28.57,264.9,184.03,36.07
00:43.8,1899.53,-30.64,263.39,184.89,36.06
00:43.9,1902.1,-32.72,261.87,185.73,36.05
00:44.0,1904.69,-34.81,260.35,186.55,36.05
00:44.0,1907.28,-36.91,258.82,187.37,36.04
00:44.0,1909.89,-39.01,257.29,188.18,36.03
00:44.1,1912.51,-41.13,255.74,189,36.04
00:44.1,1915.14,-43.26,254.2,189.8,36.04
00:44.2,1917.78,-45.39,252.64,190.59,36.03
00:44.2,1920.43,-47.54,251.08,191.32,36.01
00:44.3,1923.1,-49.69,249.52,192.11,35.99
00:44.4,1925.77,-51.85,247.94,192.92,35.97
00:44.4,1928.46,-54.02,246.37,193.67,35.95
00:44.5,1931.15,-56.2,244.78,194.43,35.93
00:44.5,1933.86,-58.39,243.19,195.19,35.9
00:44.5,1936.57,-60.59,241.6,195.95,35.86
00:44.6,1939.3,-62.8,240,196.7,35.83
00:44.7,1942.04,-65.02,238.4,197.43,35.79
00:44.7,1944.78,-67.24,236.79,198.15,35.75
00:44.8,1947.54,-69.48,235.18,198.86,35.71
00:44.8,1950.31,-71.73,233.56,199.61,35.67
00:44.8,1953.09,-73.98,231.94,200.32,35.64
00:44.9,1955.87,-76.24,230.31,201.03,35.61
00:45.0,1958.67,-78.51,228.68,201.72,35.57
00:45.0,1961.48,-80.8,227.05,202.41,35.53
00:45.0,1964.29,-83.09,225.41,203.1,35.5
00:45.1,1967.12,-85.38,223.77,203.78,35.48
00:45.2,1969.95,-87.69,222.12,204.47,35.47
00:45.2,1972.8,-90.01,220.47,205.14,35.47
00:45.2,1975.65,-92.33,218.81,205.81,35.5
00:45.3,1978.51,-94.66,217.15,206.48,35.55
00:45.4,1981.39,-96.99,215.48,207.14,35.62
00:45.4,1984.27,-99.34,213.8,207.78,35.69
00:45.5,1987.16,-101.68,212.12,208.41,35.8
00:45.5,1990.06,-104.04,210.42,209.07,35.97
00:45.6,1992.97,-106.39,208.72,209.71,36.21
00:45.6,1995.88,-108.75,207,210.34,36.49
00:45.6,1998.81,-111.11,205.27,210.96,36.78
00:45.7,2001.74,-113.46,203.52,211.55,37.12
00:45.8,2004.68,-115.82,201.76,212.18,37.49
00:45.8,2007.64,-118.17,199.97,212.79,37.8
00:45.8,2010.59,-120.52,198.17,213.39,38.06
00:45.9,2013.56,-122.86,196.36,213.96,38.38
00:46.0,2016.54,-125.21,194.53,214.57,38.71
00:46.0,2019.52,-127.55,192.68,215.16,39
00:46.0,2022.51,-129.89,190.81,215.74,39.31
00:46.1,2025.51,-132.22,188.92,216.33,39.61
00:46.2,2028.52,-134.55,187.02,216.92,39.91
00:46.2,2031.54,-136.88,185.1,217.5,40.18
00:46.3,2034.56,-139.2,183.16,218.04,40.48
00:46.3,2037.6,-141.51,181.2,218.6,40.89
00:46.3,2040.64,-143.83,179.23,219.16,41.35
00:46.4,2043.68,-146.13,177.24,219.72,41.83
00:46.5,2046.74,-148.42,175.22,220.26,42.29
00:46.5,2049.8,-150.71,173.18,220.79,42.78
00:46.5,2052.87,-152.98,171.12,221.29,43.3
00:46.6,2055.95,-155.24,169.03,221.78,44.03
00:46.7,2059.03,-157.49,166.92,222.34,44.82
00:46.7,2062.12,-159.72,164.78,222.84,45.39
00:46.7,2065.22,-161.93,162.61,223.36,45.88
00:46.8,2068.33,-164.13,160.41,223.88,46.29
00:46.8,2071.44,-166.3,158.18,224.38,46.74
00:46.9,2074.56,-168.46,155.93,224.87,47.31
00:47.0,2077.69,-170.6,153.66,225.36,47.99
00:47.0,2080.82,-172.73,151.35,225.84,48.63
00:47.0,2083.96,-174.83,149.02,226.3,49.3
00:47.1,2087.11,-176.92,146.67,226.75,49.98
00:47.1,2090.26,-178.98,144.29,227.19,50.65
00:47.2,2093.41,-181.03,141.88,227.63,51.39
00:47.3,2096.58,-183.05,139.45,228.07,52.13
00:47.3,2099.75,-185.05,136.98,228.5,52.88
00:47.4,2102.92,-187.02,134.5,228.93,53.57
00:47.4,2106.11,-188.97,131.98,229.34,54.19
00:47.5,2109.29,-190.89,129.43,229.78,54.8
00:47.5,2112.49,-192.79,126.87,230.19,55.35
00:47.5,2115.69,-194.66,124.27,230.62,55.96
00:47.6,2118.89,-196.51,121.65,231.04,56.58
00:47.7,2122.1,-198.33,119.01,231.49,57.14
00:47.7,2125.32,-200.13,116.34,231.93,57.53
00:47.7,2128.54,-201.9,113.65,232.36,57.89
00:47.8,2131.77,-203.65,110.93,232.78,58.31
00:47.8,2135.01,-205.39,108.2,233.16,58.93
00:47.9,2138.25,-207.1,105.46,232.8,59.61
00:47.9,2141.47,-208.78,102.71,230.99,59.99
00:48.0,2144.65,-210.43,99.97,228.31,60.16
00:48.1,2147.81,-212.03,97.26,225.12,60.21
00:48.1,2150.91,-213.6,94.58,221.74,60.14
00:48.1,2153.96,-215.14,91.94,218.23,60.11
00:48.2,2156.97,-216.64,89.34,214.84,60.22
00:48.3,2159.93,-218.12,86.77,211.49,60.4
00:48.3,2162.84,-219.57,84.25,208.17,60.72
00:48.3,2165.71,-220.99,81.75,204.95,61.09
00:48.4,2168.54,-222.38,79.29,201.74,61.64
00:48.5,2171.32,-223.74,76.87,198.19,62.33
00:48.5,2174.04,-225.05,74.48,194.61,62.8
00:48.5,2176.72,-226.33,72.13,191.27,63.22
00:48.6,2179.35,-227.57,69.8,188.07,63.44
00:48.6,2181.95,-228.78,67.51,185.21,63.57
00:48.7,2184.5,-229.96,65.25,182.26,63.82
00:48.7,2187.01,-231.1,63.01,179.27,63.87
00:48.8,2189.48,-232.22,60.81,176.48,64.26
00:48.9,2191.91,-233.3,58.63,173.43,64.84
00:48.9,2194.3,-234.34,56.48,170.5,64.94
00:49.0,2196.65,-235.36,54.36,167.75,65.28
00:49.0,2198.96,-236.34,52.27,164.79,66.01
00:49.0,2201.23,-237.29,50.21,161.84,66.38
00:49.1,2203.45,-238.2,48.18,159.15,66.52
00:49.2,2205.65,-239.08,46.17,156.61,66.85
00:49.2,2207.8,-239.94,44.19,154.25,67.54
00:49.2,2209.93,-240.77,42.23,151.81,68.51
00:49.3,2212.02,-241.57,40.3,149.32,69.49
00:49.3,2214.08,-242.32,38.39,147.06,70.15
00:49.4,2216.11,-243.04,36.49,144.88,70.7
00:49.5,2218.1,-243.73,34.62,142.72,71.31
00:49.5,2220.07,-244.38,32.76,140.61,71.93
00:49.6,2222.01,-245,30.92,138.66,72.61
00:49.6,2223.92,-245.59,29.1,136.88,73.23
00:49.7,2225.81,-246.14,27.29,135.14,74.06
00:49.7,2227.68,-246.66,25.5,133.42,75.17
00:49.7,2229.52,-247.15,23.73,131.76,76.24
00:49.8,2231.33,-247.6,21.97,130.02,77.24
00:49.8,2233.13,-248.02,20.22,128.3,78.24
00:49.9,2234.9,-248.39,18.49,126.67,79.13
00:50.0,2236.65,-248.73,16.78,125.02,80.11
00:50.0,2238.37,-249.04,15.08,123.45,81.27
00:50.0,2240.08,-249.32,13.4,121.97,82.47
00:50.1,2241.76,-249.56,11.73,120.55,83.63
00:50.1,2243.42,-249.76,10.08,119.13,84.72
00:50.2,2245.07,-249.93,8.44,117.75,85.85
00:50.2,2246.69,-250.07,6.82,116.38,87.04
00:50.3,2248.3,-250.18,5.22,115.07,88.21
00:50.4,2249.89,-250.25,3.63,113.79,89.34
00:50.4,2251.46,-250.29,2.06,112.49,90.65
00:50.5,2253.01,-250.29,0.51,111.24,91.98
00:50.5,2254.54,-250.27,-1.03,110.15,93.17
00:50.5,2256.07,-250.21,-2.55,109.03,94.43
00:50.6,2257.57,-250.12,-4.05,107.85,95.85
00:50.6,2259.06,-250,-5.54,106.7,97.32
00:50.7,2260.53,-249.84,-7,105.6,98.73
00:50.8,2261.99,-249.65,-8.45,104.45,100.12
00:50.8,2263.43,-249.42,-9.87,103.28,101.53
00:50.8,2264.86,-249.16,-11.27,102.22,102.92
00:50.9,2266.27,-248.86,-12.65,101.25,104.34
00:51.0,2267.67,-248.53,-14.01,100.36,105.86
00:51.0,2269.06,-248.17,-15.35,99.59,107.45
00:51.0,2270.44,-247.77,-16.67,98.85,109.03
00:51.1,2271.8,-247.34,-17.97,98.09,110.69
00:51.2,2273.16,-246.88,-19.24,97.38,112.45
00:51.2,2274.51,-246.38,-20.49,96.67,114.21
00:51.2,2275.84,-245.84,-21.72,95.98,115.99
00:51.3,2277.17,-245.28,-22.92,95.31,117.79
00:51.3,2278.49,-244.68,-24.09,94.68,119.57
00:51.4,2279.8,-244.05,-25.24,94.1,121.39
00:51.5,2281.1,-243.38,-26.36,93.54,123.22
00:51.5,2282.4,-242.69,-27.46,92.98,124.97
00:51.6,2283.69,-241.97,-28.52,92.45,126.69
00:51.6,2284.97,-241.22,-29.56,91.95,128.43
00:51.6,2286.24,-240.44,-30.56,91.47,130.15
00:51.7,2287.5,-239.63,-31.54,90.99,131.84
00:51.7,2288.77,-238.8,-32.49,90.51,133.54
00:51.8,2290.02,-237.95,-33.4,90.02,135.25
00:51.9,2291.26,-237.07,-34.28,89.47,136.99
00:51.9,2292.5,-236.17,-35.13,88.89,138.76
00:52.0,2293.73,-235.25,-35.95,88.27,140.6
00:52.0,2294.95,-234.31,-36.73,87.63,142.49
00:52.0,2296.17,-233.36,-37.48,86.96,144.39
00:52.1,2297.37,-232.39,-38.18,86.28,146.29
00:52.2,2298.56,-231.4,-38.85,85.6,148.2
00:52.2,2299.75,-230.4,-39.48,84.97,150.11
00:52.3,2300.92,-229.38,-40.08,84.49,151.96
00:52.3,2302.1,-228.35,-40.63,84.34,153.77
00:52.4,2303.27,-227.3,-41.15,84.39,155.55
00:52.4,2304.44,-226.24,-41.64,84.58,157.22
00:52.5,2305.62,-225.15,-42.09,84.84,158.79
00:52.5,2306.8,-224.05,-42.52,85.17,160.4
00:52.6,2307.98,-222.93,-42.91,85.59,162.09
00:52.6,2309.18,-221.8,-43.27,86.06,163.86
00:52.6,2310.38,-220.64,-43.59,86.58,165.64
00:52.7,2311.58,-219.48,-43.89,87.11,167.41
00:52.7,2312.8,-218.29,-44.15,87.63,169.2
00:52.8,2314.02,-217.09,-44.37,88.14,171.11
00:52.8,2315.25,-215.88,-44.56,88.67,173.07
00:52.9,2316.48,-214.66,-44.72,89.2,174.89
00:53.0,2317.72,-213.42,-44.83,89.72,176.57
00:53.0,2318.97,-212.17,-44.91,90.25,178.32
00:53.1,2320.23,-210.92,-44.96,90.85,-35.78
00:53.1,2321.5,-209.65,-44.96,91.47,-177.87
00:53.1,2322.77,-208.38,-44.93,92.11,-176.1
00:53.2,2324.05,-207.1,-44.85,92.79,-174.43
00:53.2,2325.35,-205.81,-44.74,93.52,-172.82
00:53.3,2326.65,-204.52,-44.59,94.32,-171.23
00:53.3,2327.97,-203.22,-44.41,95.17,-169.61
00:53.4,2329.29,-201.91,-44.19,96.07,-167.92
00:53.5,2330.63,-200.59,-43.93,97.03,-166.18
00:53.5,2331.99,-199.28,-43.63,97.97,-164.48
00:53.5,2333.35,-197.95,-43.28,98.9,-162.81
00:53.6,2334.73,-196.63,-42.9,99.81,-161.18
00:53.7,2336.12,-195.3,-42.48,100.76,-159.71
00:53.7,2337.53,-193.97,-42.03,101.72,-158.39
00:53.7,2338.95,-192.64,-41.53,102.8,-157.1
00:53.8,2340.39,-191.31,-41,104.14,-155.78
00:53.9,2341.84,-189.97,-40.43,105.73,-154.56
00:53.9,2343.32,-188.62,-39.82,107.38,-153.44
00:53.9,2344.82,-187.27,-39.18,108.93,-152.24
00:54.0,2346.34,-185.91,-38.5,110.39,-150.8
00:54.1,2347.88,-184.54,-37.79,111.22,-149.34
00:54.1,2349.42,-183.19,-37.05,110.58,-148.46
00:54.2,2350.95,-181.87,-36.29,109.16,-148.06
00:54.2,2352.45,-180.58,-35.51,107.44,-147.94
00:54.3,2353.93,-179.32,-34.74,105.3,-147.83
00:54.3,2355.38,-178.1,-33.97,102.88,-147.43
00:54.3,2356.79,-176.91,-33.21,100.31,-146.76
00:54.4,2358.16,-175.76,-32.46,97.56,-146.03
00:54.5,2359.5,-174.66,-31.72,94.91,-145.27
00:54.5,2360.8,-173.58,-30.98,92.2,-144.76
00:54.5,2362.06,-172.55,-30.26,89.38,-144.66
00:54.6,2363.28,-171.54,-29.56,86.87,-144.69
00:54.6,2364.48,-170.57,-28.88,84.36,-144.83
00:54.7,2365.63,-169.63,-28.22,82,-145.1
00:54.7,2366.75,-168.7,-27.58,79.92,-145.59
00:54.8,2367.85,-167.79,-26.97,78,-146.39
00:54.9,2368.92,-166.89,-26.39,76.12,-147.39
00:54.9,2369.97,-166.01,-25.84,74.15,-148.59
00:55.0,2370.98,-165.13,-25.32,72.19,-150.07
00:55.0,2371.97,-164.27,-24.84,70.3,-151.81
00:55.1,2372.94,-163.41,-24.4,68.57,-153.64
00:55.1,2373.88,-162.56,-24,67.02,-155.55
00:55.1,2374.81,-161.72,-23.63,65.52,-157.5
00:55.2,2375.71,-160.88,-23.31,64.03,-159.41
00:55.3,2376.59,-160.05,-23.01,62.63,-161.4
00:55.3,2377.45,-159.23,-22.76,61.36,-163.54
00:55.3,2378.3,-158.41,-22.55,60.27,-165.77
00:55.4,2379.13,-157.6,-22.37,59.29,-168.15
00:55.5,2379.96,-156.79,-22.23,58.38,-170.57
00:55.5,2380.77,-156,-22.12,57.65,-173.02
00:55.6,2381.57,-155.2,-22.06,57.06,-175.48
00:55.6,2382.36,-154.41,-22.03,56.52,-177.9
00:55.7,2383.15,-153.63,-22.03,55.98,35.65
00:55.7,2383.92,-152.86,-22.07,55.46,177.11
00:55.7,2384.7,-152.1,-22.15,55.01,174.5
00:55.8,2385.46,-151.34,-22.26,54.61,171.92
00:55.8,2386.22,-150.6,-22.4,54.18,169.4
00:55.9,2386.98,-149.87,-22.57,53.68,166.87
00:56.0,2387.73,-149.16,-22.77,53.16,164.25
00:56.0,2388.47,-148.47,-23.01,52.66,161.5
00:56.0,2389.2,-147.79,-23.28,52.2,158.67
00:56.1,2389.93,-147.13,-23.58,51.74,155.81
00:56.1,2390.66,-146.5,-23.91,51.31,152.88
00:56.2,2391.37,-145.88,-24.27,50.96,150.16
00:56.3,2392.08,-145.29,-24.65,50.53,147.83
00:56.3,2392.78,-144.72,-25.05,49.96,145.46
00:56.4,2393.48,-144.18,-25.47,49.41,142.81
00:56.4,2394.17,-143.66,-25.92,49.06,139.95
00:56.5,2394.86,-143.17,-26.39,48.96,137.12
00:56.5,2395.55,-142.7,-26.88,48.91,134.38
00:56.5,2396.24,-142.25,-27.39,49.02,131.69
00:56.6,2396.93,-141.83,-27.93,49.25,129.04
00:56.7,2397.62,-141.43,-28.49,49.58,126.45
00:56.7,2398.32,-141.06,-29.07,49.97,123.85
00:56.8,2399.02,-140.71,-29.67,50.43,121.23
00:56.8,2399.73,-140.39,-30.3,51.01,118.64
00:56.8,2400.45,-140.08,-30.94,51.73,116.14
00:56.9,2401.19,-139.8,-31.61,52.57,113.76
00:57.0,2401.93,-139.54,-32.3,53.5,111.48
00:57.0,2402.68,-139.3,-33.01,54.5,109.24
00:57.1,2403.45,-139.08,-33.74,55.57,107.01
00:57.1,2404.24,-138.89,-34.5,56.68,104.82
00:57.2,2405.03,-138.72,-35.27,57.82,102.69
00:57.2,2405.85,-138.57,-36.07,58.99,100.61
00:57.2,2406.68,-138.44,-36.89,60.2,98.59
00:57.3,2407.53,-138.34,-37.73,61.44,96.64
00:57.3,2408.39,-138.26,-38.59,62.74,94.78
00:57.4,2409.27,-138.21,-39.47,64.12,93.09
00:57.4,2410.17,-138.17,-40.36,65.57,91.54
00:57.5,2411.1,-138.16,-41.29,67.08,90.08
00:57.5,2412.04,-138.17,-42.23,68.57,88.69
00:57.6,2413,-138.19,-43.19,70.07,87.37
00:57.6,2413.99,-138.24,-44.17,71.59,86.15
00:57.7,2414.99,-138.31,-45.17,73.12,85.07
00:57.8,2416.02,-138.4,-46.2,74.69,84.15
00:57.8,2417.07,-138.5,-47.24,76.35,83.36
00:57.9,2418.14,-138.62,-48.31,78.12,82.75
00:57.9,2419.24,-138.76,-49.4,79.98,82.29
00:58.0,2420.36,-138.9,-50.51,81.81,81.95
00:58.0,2421.51,-139.06,-51.65,83.55,81.65
00:58.0,2422.68,-139.22,-52.81,85.18,81.31
00:58.1,2423.87,-139.4,-53.99,86.72,80.9
00:58.1,2425.09,-139.58,-55.19,88.25,80.39
00:58.2,2426.33,-139.77,-56.41,89.82,79.78
00:58.2,2427.58,-139.97,-57.65,91.46,79.1
00:58.3,2428.87,-140.18,-58.92,93.12,78.38
00:58.3,2430.17,-140.41,-60.2,94.76,77.67
00:58.4,2431.5,-140.65,-61.51,96.35,77.05
00:58.5,2432.84,-140.9,-62.83,97.83,76.7
00:58.5,2434.21,-141.18,-64.17,98.94,76.81
00:58.6,2435.59,-141.47,-65.51,98.98,77.15
00:58.6,2436.96,-141.77,-66.85,98.39,77.34
00:58.7,2438.32,-142.07,-68.18,97.62,77.21
00:58.7,2439.67,-142.37,-69.5,96.83,76.66
00:58.7,2441.01,-142.69,-70.8,96.1,75.62
00:58.8,2442.34,-143.04,-72.08,95.47,74.13
00:58.8,2443.66,-143.41,-73.35,95,72.31
00:58.9,2444.98,-143.82,-74.6,94.62,70.44
00:59.0,2446.29,-144.25,-75.84,94.17,68.49
00:59.0,2447.59,-144.72,-77.06,93.67,66.24
00:59.1,2448.89,-145.22,-78.26,93.16,63.96
00:59.1,2450.18,-145.75,-79.43,92.63,61.97
00:59.1,2451.46,-146.32,-80.58,92.1,60.18
00:59.2,2452.73,-146.92,-81.71,91.69,58.3
00:59.2,2454,-147.55,-82.81,91.37,56.35
00:59.3,2455.27,-148.21,-83.89,91.18,54.54
00:59.3,2456.53,-148.9,-84.95,91.14,52.94
00:59.4,2457.8,-149.63,-85.99,91.25,51.5
00:59.5,2459.06,-150.39,-87,91.4,50.27
00:59.5,2460.33,-151.17,-88,91.6,49.06
00:59.5,2461.61,-151.99,-88.98,91.9,47.65
00:59.6,2462.89,-152.84,-89.93,92.27,46.21
00:59.6,2464.17,-153.72,-90.87,92.64,44.87
00:59.7,2465.46,-154.62,-91.79,93.02,43.41
00:59.8,2466.75,-155.56,-92.68,93.41,41.86
00:59.8,2468.05,-156.52,-93.55,93.85,40.27
00:59.9,2469.36,-157.51,-94.4,94.24,38.62
00:59.9,2470.67,-158.53,-95.23,94.59,36.7
01:00.0,2471.99,-159.57,-96.03,95.11,34.68
01:00.0,2473.31,-160.65,-96.81,95.57,32.85
01:00.0,2474.64,-161.75,-97.56,96.03,31.11
01:00.1,2475.97,-162.87,-98.28,96.59,29.25
01:00.2,2477.32,-164.03,-98.97,97.27,27.35
01:00.2,2478.67,-165.21,-99.63,97.99,25.57
01:00.3,2480.04,-166.42,-100.27,98.73,23.82
01:00.3,2481.41,-167.65,-100.87,99.54,22.1
01:00.3,2482.8,-168.92,-101.45,100.49,20.63
01:00.4,2484.2,-170.2,-102,101.53,19.49
01:00.4,2485.62,-171.52,-102.52,102.61,18.61
01:00.5,2487.05,-172.86,-103.02,103.77,17.95
01:00.6,2488.5,-174.23,-103.51,105.03,17.51
01:00.6,2489.97,-175.62,-103.97,106.51,17.17
01:00.7,2491.46,-177.04,-104.42,108.13,16.66
01:00.7,2492.97,-178.48,-104.86,109.75,15.92
01:00.7,2494.51,-179.96,-105.29,111.38,15.08
01:00.8,2496.07,-181.46,-105.71,112.97,14.25
01:00.8,2497.64,-182.98,-106.11,114.47,13.4
01:00.9,2499.25,-184.53,-106.5,116.06,12.66
01:01.0,2500.87,-186.11,-106.87,117.6,12.09
01:01.0,2502.51,-187.71,-107.23,119.1,11.66
01:01.0,2504.18,-189.34,-107.58,120.61,11.33
01:01.1,2505.86,-190.98,-107.92,122.12,11.11
01:01.1,2507.57,-192.65,-108.26,123.56,11.01
01:01.2,2509.3,-194.34,-108.59,124.94,10.96
01:01.3,2511.04,-196.05,-108.93,126.25,10.96
01:01.3,2512.8,-197.78,-109.26,127.44,11
01:01.4,2514.58,-199.52,-109.6,128.79,11.07
01:01.4,2516.38,-201.29,-109.94,130.32,11.21
01:01.4,2518.2,-203.07,-110.29,131.73,11.48
01:01.5,2520.04,-204.87,-110.66,133.05,11.85
01:01.5,2521.89,-206.69,-111.04,134.31,12.35
01:01.6,2523.77,-208.52,-111.43,135.57,12.91
01:01.7,2525.66,-210.36,-111.84,136.8,13.43
01:01.7,2527.57,-212.22,-112.27,138.1,13.91
01:01.8,2529.5,-214.09,-112.72,139.38,14.22
01:01.8,2531.44,-215.98,-113.18,140.62,14.38
01:01.8,2533.4,-217.88,-113.66,141.81,14.5
01:01.9,2535.38,-219.79,-114.15,143.01,14.71
01:01.9,2537.37,-221.72,-114.65,144.17,14.98
01:02.0,2539.38,-223.66,-115.17,145.29,15.34
01:02.1,2541.41,-225.61,-115.69,146.43,15.78
01:02.1,2543.45,-227.58,-116.24,147.54,16.26
01:02.1,2545.5,-229.55,-116.8,148.66,16.85
01:02.2,2547.58,-231.54,-117.38,149.83,17.43
01:02.2,2549.66,-233.54,-117.99,150.93,17.91
01:02.3,2551.77,-235.54,-118.62,152.01,18.47
01:02.4,2553.89,-237.56,-119.27,153.13,19
01:02.4,2556.02,-239.58,-119.95,154.21,19.49
01:02.5,2558.17,-241.61,-120.66,155.27,19.97
01:02.5,2560.33,-243.65,-121.38,156.33,20.45
01:02.5,2562.51,-245.69,-122.13,157.36,20.96
01:02.6,2564.7,-247.74,-122.9,158.38,21.46
01:02.6,2566.91,-249.8,-123.69,159.38,22
01:02.7,2569.13,-251.86,-124.51,160.36,22.64
01:02.8,2571.36,-253.93,-125.35,161.38,23.36
01:02.8,2573.61,-256,-126.22,162.37,23.99
01:02.9,2575.87,-258.08,-127.11,163.31,24.65
01:02.9,2578.15,-260.16,-128.04,164.27,25.4
01:03.0,2580.43,-262.23,-128.99,165.23,26.13
01:03.0,2582.74,-264.31,-129.97,166.19,26.82
01:03.0,2585.05,-266.39,-130.99,167.11,27.44
01:03.1,2587.38,-268.47,-132.04,168.03,28.09
01:03.2,2589.72,-270.55,-133.11,168.96,28.74
01:03.2,2592.07,-272.62,-134.22,169.82,29.36
01:03.2,2594.43,-274.7,-135.35,170.66,30.22
01:03.3,2596.81,-276.77,-136.51,171.59,31.22
01:03.3,2599.2,-278.83,-137.71,172.44,32.08
01:03.4,2601.6,-280.89,-138.94,173.28,32.94
01:03.5,2604.01,-282.94,-140.21,174.13,33.76
01:03.5,2606.43,-284.99,-141.52,174.97,34.52
01:03.6,2608.87,-287.02,-142.85,175.77,35.23
01:03.6,2611.31,-289.05,-144.22,176.59,36.04
01:03.6,2613.77,-291.06,-145.63,177.43,36.78
01:03.7,2616.24,-293.07,-147.06,178.22,37.43
01:03.8,2618.72,-295.07,-148.53,178.95,38.25
01:03.8,2621.21,-297.06,-150.03,179.82,39.26
01:03.8,2623.71,-299.04,-151.56,180.67,39.92
01:03.9,2626.23,-301,-153.13,181.4,40.34
01:04.0,2628.75,-302.96,-154.73,182.18,40.99
01:04.0,2631.29,-304.9,-156.36,183.01,41.73
01:04.0,2633.83,-306.83,-158.02,183.78,42.45
01:04.1,2636.39,-308.75,-159.71,184.54,43.23
01:04.2,2638.96,-310.65,-161.43,185.3,44.07
01:04.2,2641.53,-312.54,-163.19,186.05,44.93
01:04.3,2644.12,-314.41,-164.98,186.79,45.79
01:04.3,2646.72,-316.26,-166.8,187.53,46.63
01:04.3,2649.33,-318.1,-168.66,188.26,47.41
01:04.4,2651.95,-319.92,-170.54,188.96,48.13
01:04.4,2654.58,-321.72,-172.46,189.66,48.94
01:04.5,2657.21,-323.5,-174.41,190.38,49.82
01:04.6,2659.86,-325.26,-176.39,191.09,50.7
01:04.6,2662.52,-326.99,-178.4,191.81,51.49
01:04.7,2665.19,-328.7,-180.45,192.5,52.14
01:04.7,2667.87,-330.4,-182.52,193.19,52.72
01:04.8,2670.55,-332.07,-184.63,193.8,53.38
01:04.8,2673.25,-333.72,-186.76,194.53,54.36
01:04.8,2675.96,-335.35,-188.92,195.27,55.2
01:04.9,2678.67,-336.96,-191.11,195.9,55.84
01:04.9,2681.4,-338.54,-193.33,196.58,56.59
01:05.0,2684.13,-340.1,-195.57,197.27,57.3
01:05.0,2686.87,-341.64,-197.85,197.94,58.01
01:05.1,2689.63,-343.15,-200.15,198.64,58.65
01:05.2,2692.39,-344.63,-202.48,199.33,59.14
01:05.2,2695.16,-346.1,-204.84,199.93,59.61
01:05.3,2697.94,-347.54,-207.21,200.53,60.53
01:05.3,2700.73,-348.96,-209.61,201.31,61.61
01:05.3,2703.53,-350.36,-212.04,201.94,62.25
01:05.4,2706.34,-351.73,-214.5,202.54,62.87
01:05.5,2709.16,-353.07,-216.97,203.23,63.53
01:05.5,2711.98,-354.38,-219.48,203.87,64.09
01:05.5,2714.82,-355.67,-222,204.5,64.72
01:05.6,2717.66,-356.94,-224.55,205.17,65.41
01:05.7,2720.52,-358.18,-227.12,205.82,66.02
01:05.7,2723.38,-359.39,-229.71,206.46,66.54
01:05.7,2726.25,-360.57,-232.33,207.1,67.11
01:05.8,2729.13,-361.74,-234.97,207.76,67.67
01:05.8,2732.02,-362.87,-237.62,208.38,68.22
01:05.9,2734.92,-363.99,-240.3,209.02,68.89
01:06.0,2737.82,-365.08,-242.99,209.65,69.62
01:06.0,2740.74,-366.14,-245.71,210.26,70.39
01:06.0,2743.66,-367.17,-248.44,210.86,71.19
01:06.1,2746.6,-368.17,-251.2,211.45,72.01
01:06.1,2749.54,-369.14,-253.98,212.02,72.8
01:06.2,2752.48,-370.08,-256.77,212.59,73.69
01:06.2,2755.44,-370.98,-259.59,213.17,74.59
01:06.3,2758.4,-371.85,-262.42,213.74,75.38
01:06.4,2761.37,-372.68,-265.28,214.32,75.97
01:06.4,2764.35,-373.47,-268.15,214.88,76.43
01:06.5,2767.34,-374.24,-271.04,215.45,76.97
01:06.5,2770.34,-374.97,-273.94,216.02,77.63
01:06.5,2773.34,-375.67,-276.86,216.6,78.38
01:06.6,2776.35,-376.34,-279.8,217.16,79.17
01:06.7,2779.37,-376.97,-282.75,217.74,79.91
01:06.7,2782.4,-377.57,-285.72,218.24,80.54
01:06.7,2785.43,-378.13,-288.7,218.02,81.1
01:06.8,2788.45,-378.66,-291.67,216.62,81.61
01:06.8,2791.44,-379.16,-294.62,214.55,81.93
01:06.9,2794.4,-379.63,-297.54,212.06,81.96
01:07.0,2797.33,-380.07,-300.44,209.31,81.94
01:07.0,2800.21,-380.49,-303.29,206.5,82.02
01:07.1,2803.06,-380.9,-306.11,203.64,82.34
01:07.1,2805.87,-381.29,-308.89,200.54,82.92
01:07.2,2808.63,-381.67,-311.63,197.26,83.61
01:07.2,2811.35,-382.01,-314.32,193.93,84.26
01:07.2,2814.02,-382.34,-316.97,190.67,84.77
01:07.3,2816.64,-382.64,-319.58,187.54,85.08
01:07.3,2819.23,-382.91,-322.14,184.57,85.2
01:07.4,2821.77,-383.17,-324.67,181.65,85.39
01:07.5,2824.27,-383.41,-327.16,178.55,85.58
01:07.5,2826.73,-383.63,-329.61,175.47,85.74
01:07.5,2829.15,-383.84,-332.02,172.39,86.05
01:07.6,2831.52,-384.02,-334.38,169.36,86.34
01:07.6,2833.85,-384.2,-336.7,166.32,86.77
01:07.7,2836.14,-384.35,-338.99,163.29,87.3
01:07.8,2838.39,-384.49,-341.23,160.33,87.82
01:07.8,2840.59,-384.6,-343.43,157.45,88.36
01:07.8,2842.76,-384.7,-345.59,154.67,88.81
01:07.9,2844.89,-384.77,-347.72,152.14,89.17
01:07.9,2846.99,-384.83,-349.82,149.81,89.76
01:08.0,2849.05,-384.87,-351.88,147.48,90.41
01:08.0,2851.08,-384.88,-353.91,145.39,91
01:08.1,2853.09,-384.88,-355.91,143.33,91.72
01:08.2,2855.07,-384.85,-357.89,141.2,92.41
01:08.2,2857.01,-384.79,-359.83,139.17,92.89
01:08.3,2858.93,-384.71,-361.75,137.23,93.36
01:08.3,2860.82,-384.61,-363.64,135.41,94.02
01:08.3,2862.69,-384.48,-365.5,133.84,94.85
01:08.4,2864.54,-384.34,-367.34,132.53,95.77
01:08.5,2866.37,-384.16,-369.17,131.22,96.78
01:08.5,2868.19,-383.97,-370.97,129.84,98.06
01:08.5,2869.98,-383.74,-372.74,128.42,99.54
01:08.6,2871.75,-383.48,-374.5,127.02,100.96
01:08.7,2873.51,-383.19,-376.22,125.73,102.22
01:08.7,2875.24,-382.86,-377.93,124.47,103.41
01:08.7,2876.96,-382.5,-379.61,123.36,104.72
01:08.8,2878.67,-382.11,-381.27,122.52,106.12
01:08.8,2880.36,-381.68,-382.91,121.83,107.36
01:08.9,2882.05,-381.22,-384.53,121.17,108.62
01:09.0,2883.73,-380.72,-386.13,120.59,109.95
01:09.0,2885.4,-380.19,-387.71,120.06,111.21
01:09.0,2887.06,-379.62,-389.27,119.55,112.53
01:09.1,2888.72,-379.02,-390.81,119.1,113.91
01:09.1,2890.37,-378.39,-392.34,118.65,115.29
01:09.2,2892.01,-377.72,-393.84,118.15,116.7
01:09.3,2893.65,-377.02,-395.32,117.59,118.25
01:09.3,2895.27,-376.3,-396.77,117.02,119.8
01:09.3,2896.89,-375.54,-398.2,116.37,121.22
01:09.4,2898.5,-374.75,-399.6,115.64,122.66
01:09.4,2900.1,-373.94,-400.98,114.86,124.21
01:09.5,2901.69,-373.09,-402.32,114.07,125.87
01:09.6,2903.26,-372.23,-403.64,113.23,127.49
01:09.6,2904.83,-371.33,-404.92,112.3,128.9
01:09.7,2906.38,-370.41,-406.16,111.28,130.17
01:09.7,2907.92,-369.46,-407.37,110.2,131.42
01:09.8,2909.44,-368.5,-408.55,109.12,132.61
01:09.8,2910.94,-367.51,-409.69,108.04,133.7
01:09.9,2912.44,-366.51,-410.79,106.84,134.83
01:09.9,2913.91,-365.49,-411.85,105.55,136.26
01:10.0,2915.37,-364.46,-412.87,104.26,137.81
01:10.0,2916.81,-363.41,-413.85,102.93,139.31
01:10.0,2918.23,-362.34,-414.78,101.76,140.98
01:10.1,2919.64,-361.25,-415.67,100.69,142.58
01:10.2,2921.03,-360.15,-416.52,99.52,144.25
01:10.2,2922.4,-359.04,-417.33,98.41,146.04
01:10.2,2923.76,-357.92,-418.09,97.35,147.84
01:10.3,2925.11,-356.78,-418.81,96.41,149.82
01:10.4,2926.44,-355.64,-419.49,95.48,151.75
01:10.4,2927.76,-354.49,-420.13,94.41,153.52
01:10.5,2929.06,-353.33,-420.73,93.31,155.38
01:10.5,2930.35,-352.16,-421.28,92.27,157.31
01:10.5,2931.63,-350.99,-421.77,91.36,159.15
01:10.6,2932.89,-349.81,-422.22,90.54,160.97
01:10.7,2934.15,-348.62,-422.62,89.88,162.8
01:10.7,2935.39,-347.43,-422.98,89.34,164.66
01:10.7,2936.63,-346.24,-423.3,89.01,166.63
01:10.8,2937.87,-345.04,-423.58,88.84,168.66
01:10.8,2939.1,-343.83,-423.82,88.81,170.55
01:10.9,2940.34,-342.61,-424.02,88.89,172.29
01:11.0,2941.57,-341.38,-424.18,89.09,174.11
01:11.0,2942.82,-340.15,-424.3,89.46,176.06
01:11.1,2944.06,-338.91,-424.38,89.97,177.91
01:11.1,2945.32,-337.65,-424.43,90.6,107.57
01:11.2,2946.58,-336.39,-424.44,91.31,-178.76
01:11.2,2947.85,-335.12,-424.41,92.14,-176.88
01:11.2,2949.14,-333.83,-424.34,93.02,-174.82
01:11.3,2950.44,-332.54,-424.23,93.92,-172.67
01:11.3,2951.75,-331.24,-424.09,94.88,-170.7
01:11.4,2953.07,-329.93,-423.9,95.89,-169.22
01:11.5,2954.41,-328.61,-423.67,96.97,-168.19
01:11.5,2955.77,-327.28,-423.4,98.13,-167.18
01:11.5,2957.14,-325.94,-423.1,99.36,-166.02
01:11.6,2958.53,-324.59,-422.78,100.62,-164.7
01:11.7,2959.93,-323.24,-422.41,101.86,-163.13
01:11.7,2961.36,-321.87,-422.02,103.22,-161.47
01:11.8,2962.8,-320.49,-421.58,104.62,-160.02
01:11.8,2964.26,-319.11,-421.11,106.03,-158.7
01:11.8,2965.74,-317.72,-420.6,107.51,-157.51
01:11.9,2967.25,-316.31,-420.06,109.08,-156.45
01:11.9,2968.77,-314.9,-419.48,110.71,-155.49
01:12.0,2970.32,-313.48,-418.86,112.36,-154.8
01:12.0,2971.89,-312.05,-418.22,114.01,-154.33
01:12.1,2973.49,-310.6,-417.55,115.69,-153.93
01:12.2,2975.11,-309.14,-416.85,117.25,-153.4
01:12.2,2976.75,-307.67,-416.12,118.9,-152.66
01:12.3,2978.41,-306.19,-415.36,120.49,-151.86
01:12.3,2980.09,-304.7,-414.58,121.98,-150.98
01:12.3,2981.8,-303.2,-413.77,123.51,-150.12
01:12.4,2983.52,-301.7,-412.93,125.01,-149.38
01:12.5,2985.27,-300.18,-412.06,126.53,-148.7
01:12.5,2987.04,-298.66,-411.15,128,-148.09
01:12.5,2988.82,-297.14,-410.22,129.45,-147.49
01:12.6,2990.63,-295.61,-409.26,130.78,-146.79
01:12.6,2992.45,-294.07,-408.28,132.11,-145.86
01:12.7,2994.3,-292.53,-407.26,133.48,-144.76
01:12.8,2996.16,-290.99,-406.22,134.9,-143.65
01:12.8,2998.04,-289.45,-405.13,136.23,-142.68
01:12.8,2999.94,-287.92,-404.01,137.53,-141.79
01:12.9,3001.86,-286.39,-402.85,138.8,-140.91
01:12.9,3003.8,-284.87,-401.65,140.06,-139.98
01:13.0,3005.75,-283.35,-400.42,141.38,-139.1
01:13.0,3007.72,-281.84,-399.16,142.58,-138.32
01:13.1,3009.71,-280.33,-397.86,143.81,-137.36
01:13.2,3011.72,-278.83,-396.52,145.1,-136.43
01:13.2,3013.74,-277.34,-395.15,146.31,-135.82
01:13.3,3015.78,-275.86,-393.75,147.44,-135.15
01:13.3,3017.84,-274.39,-392.32,148.6,-134.15
01:13.3,3019.91,-272.92,-390.85,149.82,-133.17
01:13.4,3022,-271.47,-389.35,150.99,-132.34
01:13.5,3024.1,-270.02,-387.82,152.17,-131.66
01:13.5,3026.22,-268.59,-386.26,153.31,-131.1
01:13.5,3028.36,-267.17,-384.66,154.46,-130.61
01:13.6,3030.51,-265.75,-383.04,155.6,-130.26
01:13.7,3032.68,-264.33,-381.4,156.7,-130.01
01:13.7,3034.87,-262.92,-379.74,157.81,-129.86
01:13.7,3037.07,-261.49,-378.06,158.95,-129.92
01:13.8,3039.28,-260.06,-376.37,160.07,-130.32
01:13.9,3041.51,-258.61,-374.68,161.14,-131.04
01:13.9,3043.76,-257.13,-372.98,162.19,-132.01
01:14.0,3046.02,-255.63,-371.3,163.21,-133.06
01:14.0,3048.29,-254.1,-369.62,164.21,-134.11
01:14.1,3050.58,-252.53,-367.95,165.15,-135.19
01:14.1,3052.88,-250.93,-366.3,166.12,-136.36
01:14.2,3055.19,-249.29,-364.66,167.04,-137.47
01:14.2,3057.51,-247.62,-363.05,167.83,-138.6
01:14.2,3059.84,-245.92,-361.46,167.49,-139.37
01:14.3,3062.16,-244.2,-359.9,166.07,-139.57
01:14.3,3064.45,-242.48,-358.38,164.05,-139.59
01:14.4,3066.71,-240.78,-356.89,161.6,-139.57
01:14.5,3068.94,-239.1,-355.44,158.85,-139.59
01:14.5,3071.12,-237.44,-354.01,155.89,-139.82
01:14.6,3073.27,-235.81,-352.62,152.84,-140.23
01:14.6,3075.37,-234.2,-351.27,149.72,-140.68
01:14.7,3077.43,-232.62,-349.95,146.59,-141.18
01:14.7,3079.44,-231.06,-348.67,143.51,-141.62
01:14.7,3081.41,-229.53,-347.43,140.66,-141.92
01:14.8,3083.35,-228.02,-346.22,138.05,-142.31
01:14.8,3085.25,-226.53,-345.05,135.21,-142.75
01:14.9,3087.1,-225.06,-343.91,132.17,-142.99
01:15.0,3088.92,-223.63,-342.8,129.08,-143.08
01:15.0,3090.69,-222.22,-341.72,126.05,-143.17
01:15.0,3092.42,-220.84,-340.67,123.17,-143.35
01:15.1,3094.11,-219.49,-339.66,120.36,-143.7
01:15.2,3095.77,-218.16,-338.67,117.63,-144.14
01:15.2,3097.38,-216.86,-337.72,114.84,-144.61
01:15.2,3098.96,-215.58,-336.79,112.17,-145.05
01:15.3,3100.5,-214.33,-335.9,109.92,-145.25
01:15.3,3102.01,-213.09,-335.03,108,-145.4
01:15.4,3103.5,-211.86,-334.19,106.25,-145.75
01:15.4,3104.96,-210.65,-333.37,104.59,-146.28
01:15.5,3106.4,-209.45,-332.57,102.99,-147.06
01:15.5,3107.82,-208.25,-331.81,101.42,-148.07
01:15.6,3109.22,-207.06,-331.08,99.85,-149.29
01:15.7,3110.6,-205.87,-330.38,98.28,-150.6
01:15.7,3111.95,-204.69,-329.72,96.71,-151.92
01:15.8,3113.28,-203.51,-329.1,95.11,-153.44
01:15.8,3114.59,-202.34,-328.51,93.57,-155.13
01:15.8,3115.89,-201.17,-327.96,92.09,-156.76
01:15.9,3117.15,-200.01,-327.46,90.63,-158.34
01:15.9,3118.4,-198.85,-326.99,89.17,-159.98
01:16.0,3119.63,-197.7,-326.57,87.65,-161.61
01:16.0,3120.84,-196.56,-326.18,86.15,-163.29
01:16.1,3122.02,-195.42,-325.84,84.68,-165.05
01:16.2,3123.19,-194.3,-325.53,83.26,-166.85
01:16.2,3124.34,-193.18,-325.27,81.95,-168.69
01:16.2,3125.47,-192.07,-325.04,80.76,-170.57
01:16.3,3126.58,-190.98,-324.85,79.7,-172.47
01:16.4,3127.68,-189.89,-324.7,78.71,-174.36
01:16.4,3128.77,-188.81,-324.59,77.8,-176.24
01:16.5,3129.84,-187.73,-324.52,76.98,-178.1
01:16.5,3130.91,-186.67,-324.48,76.28,-35.93
01:16.5,3131.96,-185.61,-324.48,75.67,178.29
01:16.6,3133.01,-184.57,-324.52,75.08,176.53
01:16.6,3134.05,-183.53,-324.59,74.47,174.68
01:16.7,3135.08,-182.51,-324.7,73.88,172.68
01:16.8,3136.1,-181.5,-324.85,73.31,170.61
01:16.8,3137.12,-180.5,-325.02,72.68,168.55
01:16.8,3138.12,-179.52,-325.24,71.82,166.48
01:16.9,3139.12,-178.56,-325.48,70.75,164.35
01:16.9,3140.09,-177.62,-325.76,69.58,162.14
01:17.0,3141.05,-176.72,-326.06,68.34,160.16
01:17.0,3141.99,-175.83,-326.38,67.08,158.91
01:17.1,3142.91,-174.97,-326.71,65.67,158.42
01:17.2,3143.82,-174.13,-327.04,64.24,158.41
01:17.2,3144.7,-173.31,-327.36,62.83,158.68
01:17.3,3145.56,-172.5,-327.66,61.47,159.24
01:17.3,3146.41,-171.7,-327.95,60.1,160.17
01:17.3,3147.23,-170.92,-328.2,58.79,161.45
01:17.4,3148.04,-170.15,-328.43,57.49,162.99
01:17.5,3148.84,-169.38,-328.63,56.17,164.74
01:17.5,3149.61,-168.63,-328.81,54.84,166.69
01:17.6,3150.37,-167.89,-328.94,53.48,168.8
01:17.6,3151.11,-167.17,-329.05,52.14,171.06
01:17.7,3151.83,-166.45,-329.12,50.88,173.44
01:17.7,3152.53,-165.76,-329.16,49.7,175.96
01:17.7,3153.22,-165.07,-329.16,48.65,178.59
01:17.8,3153.9,-164.41,-329.13,47.85,-178.64
01:17.8,3154.57,-163.75,-329.06,47.23,-175.78
01:17.9,3155.23,-163.1,-328.97,46.76,-172.88
01:18.0,3155.89,-162.47,-328.83,46.35,-169.93
01:18.0,3156.54,-161.85,-328.67,45.96,-166.93
01:18.0,3157.19,-161.25,-328.47,45.79,-163.87
01:18.1,3157.84,-160.65,-328.24,45.92,-160.82
01:18.2,3158.49,-160.07,-327.98,46.26,-157.84
01:18.2,3159.15,-159.49,-327.69,46.79,-154.9
01:18.3,3159.81,-158.93,-327.37,47.43,-151.95
01:18.3,3160.49,-158.37,-327.01,48.15,-148.96
01:18.3,3161.17,-157.82,-326.62,48.91,-145.96
01:18.4,3161.87,-157.28,-326.2,49.72,-142.95
01:18.5,3162.57,-156.75,-325.74,50.54,-139.94
01:18.5,3163.29,-156.23,-325.26,51.39,-136.93
01:18.5,3164.02,-155.74,-324.74,52.25,-133.93
01:18.6,3164.75,-155.25,-324.19,53.1,-130.94
01:18.7,3165.5,-154.79,-323.61,53.96,-128.02
01:18.7,3166.26,-154.34,-323,54.83,-125.27
01:18.7,3167.03,-153.91,-322.37,55.77,-122.84
01:18.8,3167.82,-153.5,-321.7,56.85,-120.76
01:18.8,3168.62,-153.1,-321.01,58.08,-118.98
01:18.9,3169.44,-152.71,-320.29,59.49,-117.45
01:19.0,3170.27,-152.34,-319.54,61.05,-116.1
01:19.0,3171.14,-151.97,-318.77,62.72,-114.89
01:19.1,3172.02,-151.61,-317.96,64.47,-113.82
01:19.1,3172.93,-151.26,-317.13,66.25,-112.82
01:19.2,3173.86,-150.9,-316.26,68.03,-111.91
01:19.2,3174.82,-150.55,-315.37,69.74,-111.2
01:19.3,3175.8,-150.2,-314.46,71.43,-110.75
01:19.3,3176.8,-149.84,-313.52,73.18,-110.56
01:19.3,3177.83,-149.47,-312.56,75.05,-110.62
01:19.4,3178.89,-149.09,-311.57,76.96,-110.88
01:19.5,3179.97,-148.7,-310.57,78.81,-111.27
01:19.5,3181.08,-148.29,-309.54,80.59,-111.74
01:19.6,3182.21,-147.87,-308.49,82.23,-112.34
01:19.6,3183.36,-147.42,-307.43,83.57,-113.17
01:19.7,3184.52,-146.97,-306.35,84.73,-114.24
01:19.7,3185.71,-146.49,-305.26,86.08,-115.57
01:19.8,3186.92,-145.99,-304.17,87.56,-116.96
01:19.8,3188.14,-145.46,-303.06,89,-118.11
01:19.8,3189.39,-144.89,-301.95,90.64,-118.91
01:19.9,3190.66,-144.29,-300.83,92.37,-119.41
01:20.0,3191.95,-143.66,-299.7,94.02,-119.77
01:20.0,3193.27,-143.01,-298.56,95.61,-120.28
01:20.0,3194.61,-142.34,-297.4,97.22,-120.98
01:20.1,3195.97,-141.64,-296.23,98.83,-121.87
01:20.1,3197.35,-140.92,-295.05,100.44,-122.88
01:20.2,3198.76,-140.16,-293.86,102.05,-123.87
01:20.3,3200.19,-139.38,-292.67,103.68,-124.79
01:20.3,3201.64,-138.57,-291.47,105.28,-125.67
01:20.3,3203.11,-137.72,-290.26,106.88,-126.56
01:20.4,3204.61,-136.85,-289.05,108.51,-127.43
01:20.4,3206.13,-135.94,-287.83,110.12,-128.26
01:20.5,3207.67,-135,-286.61,111.71,-129.05
01:20.5,3209.23,-134.03,-285.38,113.3,-129.89
01:20.6,3210.81,-133.03,-284.15,114.9,-130.76
01:20.7,3212.42,-132,-282.92,116.49,-131.7
01:20.7,3214.05,-130.94,-281.69,118.04,-132.71
01:20.8,3215.7,-129.84,-280.45,119.55,-133.78
01:20.8,3217.37,-128.71,-279.22,121.04,-134.87
01:20.8,3219.06,-127.55,-278,122.5,-135.96
01:20.9,3220.77,-126.35,-276.78,123.93,-137.04
01:21.0,3222.5,-125.11,-275.57,125.34,-138.09
01:21.0,3224.25,-123.84,-274.36,126.73,-139.1
01:21.1,3226.01,-122.54,-273.17,128.12,-140.08
01:21.1,3227.8,-121.2,-271.98,129.51,-140.99
01:21.2,3229.61,-119.83,-270.8,130.87,-141.85
01:21.2,3231.44,-118.42,-269.64,132.23,-142.71
01:21.2,3233.28,-116.98,-268.48,133.64,-143.45
01:21.3,3235.15,-115.5,-267.34,135.03,-143.94
01:21.3,3237.03,-114,-266.21,136.4,-144.31
01:21.4,3238.94,-112.46,-265.08,137.75,-144.67
01:21.5,3240.86,-110.9,-263.96,139.08,-145.05
01:21.5,3242.8,-109.32,-262.83,140.34,-145.54
01:21.5,3244.76,-107.71,-261.72,141.63,-146.13
01:21.6,3246.73,-106.08,-260.6,142.96,-146.68
01:21.6,3248.73,-104.43,-259.49,144.27,-147.07
01:21.7,3250.74,-102.75,-258.38,145.53,-147.39
01:21.8,3252.77,-101.04,-257.28,146.8,-147.72
01:21.8,3254.82,-99.32,-256.18,148.1,-147.97
01:21.8,3256.88,-97.57,-255.07,149.35,-148.11
01:21.9,3258.97,-95.81,-253.97,150.58,-148.2
01:22.0,3261.07,-94.03,-252.85,151.8,-148.26
01:22.0,3263.18,-92.23,-251.74,152.97,-148.32
01:22.0,3265.31,-90.41,-250.62,154.13,-148.39
01:22.1,3267.46,-88.59,-249.49,155.3,-148.47
01:22.2,3269.63,-86.74,-248.35,156.45,-148.55
01:22.2,3271.81,-84.88,-247.21,157.59,-148.63
01:22.2,3274,-83.01,-246.07,158.75,-148.7
01:22.3,3276.22,-81.12,-244.92,159.89,-148.76
01:22.3,3278.45,-79.22,-243.76,161,-148.8
01:22.4,3280.69,-77.3,-242.6,162.12,-148.84
01:22.5,3282.95,-75.37,-241.43,163.23,-148.88
01:22.5,3285.23,-73.42,-240.25,164.34,-148.92
01:22.6,3287.51,-71.46,-239.07,165.41,-148.95
01:22.6,3289.82,-69.48,-237.88,166.48,-148.97
01:22.7,3292.14,-67.5,-236.68,167.54,-149
01:22.7,3294.47,-65.5,-235.48,168.56,-149.03
01:22.7,3296.82,-63.48,-234.27,169.59,-149.06
01:22.8,3299.18,-61.46,-233.06,170.63,-149.08
01:22.8,3301.56,-59.42,-231.83,171.65,-149.06
01:22.9,3303.95,-57.37,-230.6,172.65,-149
01:23.0,3306.36,-55.31,-229.37,173.66,-148.92
01:23.0,3308.78,-53.24,-228.12,174.64,-148.83
01:23.0,3311.21,-51.16,-226.86,175.61,-148.73
01:23.1,3313.65,-49.06,-225.59,176.57,-148.63
01:23.2,3316.11,-46.96,-224.32,177.55,-148.53
01:23.2,3318.59,-44.85,-223.03,178.52,-148.43
01:23.3,3321.07,-42.73,-221.73,179.45,-148.34
01:23.3,3323.57,-40.6,-220.42,180.38,-148.25
01:23.3,3326.08,-38.47,-219.11,181.3,-148.15
01:23.4,3328.61,-36.32,-217.78,182.24,-148.04
01:23.4,3331.14,-34.16,-216.44,183.16,-147.95
01:23.5,3333.69,-32,-215.09,184.02,-147.88
01:23.5,3336.25,-29.83,-213.73,184.91,-147.77
01:23.6,3338.83,-27.65,-212.36,185.83,-147.67
